1950-12-14 00:00,0.2731
1950-12-24 00:00,0.9964
1951-01-03 00:00,0.3064
1951-01-13 00:00,0.305
1951-01-23 00:00,0.9984
1951-02-02 00:00,0.2419
1951-02-12 00:00,0.3248
1951-02-22 00:00,0.9997
1951-03-04 00:00,0.1788
1951-03-14 00:00,0.3398
1951-03-24 00:00,0.996
1951-04-03 00:00,0.1275
1951-04-13 00:00,0.3568
1951-04-23 00:00,0.9812
1951-05-03 00:00,0.0915
1951-05-13 00:00,0.3819
1951-05-23 00:00,0.9514
1951-06-02 00:00,0.0674
1951-06-12 00:00,0.421
1951-06-22 00:00,0.9088
1951-07-02 00:00,0.0502
1951-07-12 00:00,0.479
1951-07-22 00:00,0.8619
1951-08-01 00:00,0.0361
1951-08-11 00:00,0.5558
1951-08-21 00:00,0.8203
1951-08-31 00:00,0.0238
1951-09-10 00:00,0.6421
1951-09-20 00:00,0.7894
1951-09-30 00:00,0.0134
1951-10-10 00:00,0.7218
1951-10-20 00:00,0.7695
1951-10-30 00:00,0.0056
1951-11-09 00:00,0.7826
1951-11-19 00:00,0.7571
1951-11-29 00:00,0.0019
1951-12-09 00:00,0.8225
1951-12-19 00:00,0.7449
1951-12-29 00:00,0.0052
1952-01-08 00:00,0.8467
1952-01-18 00:00,0.7238
1952-01-28 00:00,0.0173
1952-02-07 00:00,0.8618
1952-02-17 00:00,0.6853
1952-02-27 00:00,0.0369
1952-03-08 00:00,0.8736
1952-03-18 00:00,0.6247
1952-03-28 00:00,0.0594
1952-04-07 00:00,0.887
1952-04-17 00:00,0.5447
1952-04-27 00:00,0.0805
1952-05-07 00:00,0.9065
1952-05-17 00:00,0.4569
1952-05-27 00:00,0.099
1952-06-06 00:00,0.9338
1952-06-16 00:00,0.3755
1952-06-26 00:00,0.1171
1952-07-06 00:00,0.9646
1952-07-16 00:00,0.3105
1952-07-26 00:00,0.139
1952-08-05 00:00,0.9894
1952-08-15 00:00,0.2644
1952-08-25 00:00,0.1692
1952-09-04 00:00,0.9995
1952-09-14 00:00,0.2349
1952-09-24 00:00,0.2113
1952-10-04 00:00,0.9953
1952-10-14 00:00,0.2172
1952-10-24 00:00,0.2672
1952-11-03 00:00,0.9849
1952-11-13 00:00,0.2045
1952-11-23 00:00,0.3351
1952-12-03 00:00,0.9759
1952-12-13 00:00,0.1892
1952-12-23 00:00,0.4078
1953-01-02 00:00,0.9698
1953-01-12 00:00,0.1653
1953-01-22 00:00,0.4751
1953-02-01 00:00,0.9642
1953-02-11 00:00,0.1308
1953-02-21 00:00,0.5287
1953-03-03 00:00,0.9558
1953-03-13 00:00,0.0897
1953-03-23 00:00,0.5671
1953-04-02 00:00,0.9415
1953-04-12 00:00,0.0507
1953-04-22 00:00,0.5943
1953-05-02 00:00,0.917
1953-05-12 00:00,0.0219
1953-05-22 00:00,0.6173
1953-06-01 00:00,0.8762
1953-06-11 00:00,0.0059
1953-06-21 00:00,0.6426
1953-07-01 00:00,0.8148
1953-07-11 00:00,0.0003
1953-07-21 00:00,0.6749
1953-07-31 00:00,0.7374
1953-08-10 00:00,0.0012
1953-08-20 00:00,0.7167
1953-08-30 00:00,0.6594
1953-09-09 00:00,0.0053
1953-09-19 00:00,0.7673
1953-09-29 00:00,0.5966
1953-10-09 00:00,0.0105
1953-10-19 00:00,0.8229
1953-10-29 00:00,0.5559
1953-11-08 00:00,0.0166
1953-11-18 00:00,0.8765
1953-11-28 00:00,0.5344
1953-12-08 00:00,0.0261
1953-12-18 00:00,0.9202
1953-12-28 00:00,0.5239
1954-01-07 00:00,0.0441
1954-01-17 00:00,0.9501
1954-01-27 00:00,0.5151
1954-02-06 00:00,0.0756
1954-02-16 00:00,0.9677
1954-02-26 00:00,0.4992
1954-03-08 00:00,0.1207
1954-03-18 00:00,0.9775
1954-03-28 00:00,0.4682
1954-04-07 00:00,0.1735
1954-04-17 00:00,0.9844
1954-04-27 00:00,0.4159
1954-05-07 00:00,0.2253
1954-05-17 00:00,0.991
1954-05-27 00:00,0.3426
1954-06-06 00:00,0.2702
1954-06-16 00:00,0.9971
1954-06-26 00:00,0.2589
1954-07-06 00:00,0.3064
1954-07-16 00:00,1.0
1954-07-26 00:00,0.1824
1954-08-05 00:00,0.3349
1954-08-15 00:00,0.9953
1954-08-25 00:00,0.1258
1954-09-04 00:00,0.3584
1954-09-14 00:00,0.9791
1954-09-24 00:00,0.0902
1954-10-04 00:00,0.3821
1954-10-14 00:00,0.9508
1954-10-24 00:00,0.0696
1954-11-03 00:00,0.4126
1954-11-13 00:00,0.9157
1954-11-23 00:00,0.0574
1954-12-03 00:00,0.4568
1954-12-13 00:00,0.8818
1954-12-23 00:00,0.0493
1955-01-02 00:00,0.5177
1955-01-12 00:00,0.8549
1955-01-22 00:00,0.0421
1955-02-01 00:00,0.5908
1955-02-11 00:00,0.8359
1955-02-21 00:00,0.0327
1955-03-03 00:00,0.665
1955-03-13 00:00,0.8221
1955-03-23 00:00,0.0196
1955-04-02 00:00,0.7299
1955-04-12 00:00,0.8078
1955-04-22 00:00,0.006
1955-05-02 00:00,0.781
1955-05-12 00:00,0.7863
1955-05-22 00:00,0.0006
1955-06-01 00:00,0.8192
1955-06-11 00:00,0.751
1955-06-21 00:00,0.0105
1955-07-01 00:00,0.8471
1955-07-11 00:00,0.6973
1955-07-21 00:00,0.0335
1955-07-31 00:00,0.8685
1955-08-10 00:00,0.6246
1955-08-20 00:00,0.0602
1955-08-30 00:00,0.8873
1955-09-09 00:00,0.5393
1955-09-19 00:00,0.082
1955-09-29 00:00,0.9077
1955-10-09 00:00,0.4543
1955-10-19 00:00,0.0967
1955-10-29 00:00,0.9315
1955-11-08 00:00,0.3829
1955-11-18 00:00,0.1071
1955-11-28 00:00,0.9573
1955-12-08 00:00,0.3323
1955-12-18 00:00,0.1186
1955-12-28 00:00,0.9797
1956-01-07 00:00,0.3017
1956-01-17 00:00,0.1365
1956-01-27 00:00,0.9935
1956-02-06 00:00,0.285
1956-02-16 00:00,0.1663
1956-02-26 00:00,0.9981
1956-03-07 00:00,0.2736
1956-03-17 00:00,0.2135
1956-03-27 00:00,0.9961
1956-04-06 00:00,0.2582
1956-04-16 00:00,0.281
1956-04-26 00:00,0.9906
1956-05-06 00:00,0.2321
1956-05-16 00:00,0.3633
1956-05-26 00:00,0.9825
1956-06-05 00:00,0.1928
1956-06-15 00:00,0.4462
1956-06-25 00:00,0.972
1956-07-05 00:00,0.1433
1956-07-15 00:00,0.5154
1956-07-25 00:00,0.9585
1956-08-04 00:00,0.0918
1956-08-14 00:00,0.5647
1956-08-24 00:00,0.9407
1956-09-03 00:00,0.0488
1956-09-13 00:00,0.5961
1956-09-23 00:00,0.9153
1956-10-03 00:00,0.0205
1956-10-13 00:00,0.6156
1956-10-23 00:00,0.8775
1956-11-02 00:00,0.0062
1956-11-12 00:00,0.6301
1956-11-22 00:00,0.8253
1956-12-02 00:00,0.0012
1956-12-12 00:00,0.6467
1956-12-22 00:00,0.7641
1957-01-01 00:00,0.001
1957-01-11 00:00,0.6724
1957-01-21 00:00,0.705
1957-01-31 00:00,0.0019
1957-02-10 00:00,0.713
1957-02-20 00:00,0.6569
1957-03-02 00:00,0.0026
1957-03-12 00:00,0.7697
1957-03-22 00:00,0.6209
1957-04-01 00:00,0.0043
1957-04-11 00:00,0.8344
1957-04-21 00:00,0.5932
1957-05-01 00:00,0.0111
1957-05-11 00:00,0.8931
1957-05-21 00:00,0.5686
1957-05-31 00:00,0.0296
1957-06-10 00:00,0.9355
1957-06-20 00:00,0.5426
1957-06-30 00:00,0.0652
1957-07-10 00:00,0.9614
1957-07-20 00:00,0.5107
1957-07-30 00:00,0.117
1957-08-09 00:00,0.9762
1957-08-19 00:00,0.4681
1957-08-29 00:00,0.1754
1957-09-08 00:00,0.9853
1957-09-18 00:00,0.4115
1957-09-28 00:00,0.2276
1957-10-08 00:00,0.9918
1957-10-18 00:00,0.3424
1957-10-28 00:00,0.2656
1957-11-07 00:00,0.9964
1957-11-17 00:00,0.2701
1957-11-27 00:00,0.2882
1957-12-07 00:00,0.9987
1957-12-17 00:00,0.2067
1957-12-27 00:00,0.2997
1958-01-06 00:00,0.998
1958-01-16 00:00,0.1593
1958-01-26 00:00,0.3077
1958-02-05 00:00,0.9919
1958-02-15 00:00,0.1268
1958-02-25 00:00,0.3219
1958-03-07 00:00,0.9765
1958-03-17 00:00,0.1041
1958-03-27 00:00,0.3518
1958-04-06 00:00,0.9496
1958-04-16 00:00,0.0868
1958-04-26 00:00,0.4041
1958-05-06 00:00,0.915
1958-05-16 00:00,0.0717
1958-05-26 00:00,0.4794
1958-06-05 00:00,0.88
1958-06-15 00:00,0.0562
1958-06-25 00:00,0.5693
1958-07-05 00:00,0.8503
1958-07-15 00:00,0.0385
1958-07-25 00:00,0.6583
1958-08-04 00:00,0.8269
1958-08-14 00:00,0.0196
1958-08-24 00:00,0.7322
1958-09-03 00:00,0.8068
1958-09-13 00:00,0.0046
1958-09-23 00:00,0.7848
1958-10-03 00:00,0.7851
1958-10-13 00:00,0.0003
1958-10-23 00:00,0.8174
1958-11-02 00:00,0.7564
1958-11-12 00:00,0.0088
1958-11-22 00:00,0.8347
1958-12-02 00:00,0.716
1958-12-12 00:00,0.0246
1958-12-22 00:00,0.8437
1959-01-01 00:00,0.6608
1959-01-11 00:00,0.0399
1959-01-21 00:00,0.8523
1959-01-31 00:00,0.5916
1959-02-10 00:00,0.0516
1959-02-20 00:00,0.8679
1959-03-02 00:00,0.515
1959-03-12 00:00,0.0613
1959-03-22 00:00,0.8943
1959-04-01 00:00,0.4423
1959-04-11 00:00,0.0728
1959-04-21 00:00,0.929
1959-05-01 00:00,0.3826
1959-05-11 00:00,0.0897
1959-05-21 00:00,0.9636
1959-05-31 00:00,0.3384
1959-06-10 00:00,0.1154
1959-06-20 00:00,0.988
1959-06-30 00:00,0.3064
1959-07-10 00:00,0.1545
1959-07-20 00:00,0.998
1959-07-30 00:00,0.2811
1959-08-09 00:00,0.2116
1959-08-19 00:00,0.9968
1959-08-29 00:00,0.2568
1959-09-08 00:00,0.2862
1959-09-18 00:00,0.9903
1959-09-28 00:00,0.2298
1959-10-08 00:00,0.3678
1959-10-18 00:00,0.9827
1959-10-28 00:00,0.1974
1959-11-07 00:00,0.4401
1959-11-17 00:00,0.9757
1959-11-27 00:00,0.159
1959-12-07 00:00,0.4918
1959-12-17 00:00,0.9694
1959-12-27 00:00,0.1164
1960-01-06 00:00,0.5225
1960-01-16 00:00,0.9611
1960-01-26 00:00,0.0748
1960-02-05 00:00,0.5395
1960-02-15 00:00,0.9456
1960-02-25 00:00,0.0413
1960-03-06 00:00,0.5521
1960-03-16 00:00,0.9161
1960-03-26 00:00,0.0198
1960-04-05 00:00,0.5685
1960-04-15 00:00,0.8677
1960-04-25 00:00,0.0089
1960-05-05 00:00,0.5952
1960-05-15 00:00,0.8034
1960-05-25 00:00,0.0041
1960-06-04 00:00,0.6373
1960-06-14 00:00,0.7339
1960-06-24 00:00,0.002
1960-07-04 00:00,0.6967
1960-07-14 00:00,0.6716
1960-07-24 00:00,0.0014
1960-08-03 00:00,0.7684
1960-08-13 00:00,0.6234
1960-08-23 00:00,0.0038
1960-09-02 00:00,0.8394
1960-09-12 00:00,0.5904
1960-09-22 00:00,0.0123
1960-10-02 00:00,0.8957
1960-10-12 00:00,0.5697
1960-10-22 00:00,0.0301
1960-11-01 00:00,0.9318
1960-11-11 00:00,0.5558
1960-11-21 00:00,0.0588
1960-12-01 00:00,0.952
1960-12-11 00:00,0.5406
1960-12-21 00:00,0.0963
1960-12-31 00:00,0.9635
1961-01-10 00:00,0.5143
1961-01-20 00:00,0.1375
1961-01-30 00:00,0.9711
1961-02-09 00:00,0.4689
1961-02-19 00:00,0.1765
1961-03-01 00:00,0.9775
1961-03-11 00:00,0.4027
1961-03-21 00:00,0.2094
1961-03-31 00:00,0.9842
1961-04-10 00:00,0.324
1961-04-20 00:00,0.2358
1961-04-30 00:00,0.9916
1961-05-10 00:00,0.2471
1961-05-20 00:00,0.258
1961-05-30 00:00,0.9976
1961-06-09 00:00,0.1835
1961-06-19 00:00,0.2811
1961-06-29 00:00,0.9957
1961-07-09 00:00,0.1369
1961-07-19 00:00,0.3109
1961-07-29 00:00,0.979
1961-08-08 00:00,0.1053
1961-08-18 00:00,0.3527
1961-08-28 00:00,0.948
1961-09-07 00:00,0.0851
1961-09-17 00:00,0.4094
1961-09-27 00:00,0.9122
1961-10-07 00:00,0.072
1961-10-17 00:00,0.4798
1961-10-27 00:00,0.8829
1961-11-06 00:00,0.0613
1961-11-16 00:00,0.5572
1961-11-26 00:00,0.8647
1961-12-06 00:00,0.0488
1961-12-16 00:00,0.631
1961-12-26 00:00,0.8549
1962-01-05 00:00,0.0325
1962-01-15 00:00,0.6921
1962-01-25 00:00,0.8465
1962-02-04 00:00,0.0152
1962-02-14 00:00,0.7366
1962-02-24 00:00,0.8325
1962-03-06 00:00,0.0032
1962-03-16 00:00,0.7665
1962-03-26 00:00,0.8067
1962-04-05 00:00,0.002
1962-04-15 00:00,0.7875
1962-04-25 00:00,0.7636
1962-05-05 00:00,0.0111
1962-05-15 00:00,0.8064
1962-05-25 00:00,0.6989
1962-06-04 00:00,0.026
1962-06-14 00:00,0.8291
1962-06-24 00:00,0.6142
1962-07-04 00:00,0.0425
1962-07-14 00:00,0.8585
1962-07-24 00:00,0.5217
1962-08-03 00:00,0.0587
1962-08-13 00:00,0.894
1962-08-23 00:00,0.4392
1962-09-02 00:00,0.0745
1962-09-12 00:00,0.9312
1962-09-22 00:00,0.3787
1962-10-02 00:00,0.0911
1962-10-12 00:00,0.9634
1962-10-22 00:00,0.3418
1962-11-01 00:00,0.1112
1962-11-11 00:00,0.9855
1962-11-21 00:00,0.3226
1962-12-01 00:00,0.1397
1962-12-11 00:00,0.9968
1962-12-21 00:00,0.3123
1962-12-31 00:00,0.1824
1963-01-10 00:00,0.9999
1963-01-20 00:00,0.3024
1963-01-30 00:00,0.2413
1963-02-09 00:00,0.9982
1963-02-19 00:00,0.2852
1963-03-01 00:00,0.3104
1963-03-11 00:00,0.9943
1963-03-21 00:00,0.254
1963-03-31 00:00,0.3781
1963-04-10 00:00,0.9899
1963-04-20 00:00,0.2063
1963-04-30 00:00,0.4357
1963-05-10 00:00,0.9841
1963-05-20 00:00,0.1466
1963-05-30 00:00,0.4809
1963-06-09 00:00,0.9737
1963-06-19 00:00,0.0883
1963-06-29 00:00,0.5158
1963-07-09 00:00,0.953
1963-07-19 00:00,0.0447
1963-07-29 00:00,0.544
1963-08-08 00:00,0.9165
1963-08-18 00:00,0.0199
1963-08-28 00:00,0.5693
1963-09-07 00:00,0.8632
1963-09-17 00:00,0.009
1963-09-27 00:00,0.5966
1963-10-07 00:00,0.8003
1963-10-17 00:00,0.0045
1963-10-27 00:00,0.6317
1963-11-06 00:00,0.7405
1963-11-16 00:00,0.002
1963-11-26 00:00,0.6789
1963-12-06 00:00,0.694
1963-12-16 00:00,0.0003
1963-12-26 00:00,0.7375
1964-01-05 00:00,0.6635
1964-01-15 00:00,0.0003
1964-01-25 00:00,0.7994
1964-02-04 00:00,0.6455
1964-02-14 00:00,0.0036
1964-02-24 00:00,0.8542
1964-03-05 00:00,0.6332
1964-03-15 00:00,0.0127
1964-03-25 00:00,0.8961
1964-04-04 00:00,0.6185
1964-04-14 00:00,0.0326
1964-04-24 00:00,0.926
1964-05-04 00:00,0.5929
1964-05-14 00:00,0.0674
1964-05-24 00:00,0.9473
1964-06-03 00:00,0.5494
1964-06-13 00:00,0.1149
1964-06-23 00:00,0.9627
1964-07-03 00:00,0.4853
1964-07-13 00:00,0.1652
1964-07-23 00:00,0.9742
1964-08-02 00:00,0.4047
1964-08-12 00:00,0.2079
1964-08-22 00:00,0.9836
1964-09-01 00:00,0.3195
1964-09-11 00:00,0.2378
1964-09-21 00:00,0.9919
1964-10-01 00:00,0.2441
1964-10-11 00:00,0.2565
1964-10-21 00:00,0.998
1964-10-31 00:00,0.1875
1964-11-10 00:00,0.27
1964-11-20 00:00,0.998
1964-11-30 00:00,0.1506
1964-12-10 00:00,0.2861
1964-12-20 00:00,0.9878
1964-12-30 00:00,0.1293
1965-01-09 00:00,0.3123
1965-01-19 00:00,0.968
1965-01-29 00:00,0.1177
1965-02-08 00:00,0.3551
1965-02-18 00:00,0.9445
1965-02-28 00:00,0.1089
1965-03-10 00:00,0.4178
1965-03-20 00:00,0.9227
1965-03-30 00:00,0.0961
1965-04-09 00:00,0.4981
1965-04-19 00:00,0.9039
1965-04-29 00:00,0.0754
1965-05-09 00:00,0.5846
1965-05-19 00:00,0.886
1965-05-29 00:00,0.0483
1965-06-08 00:00,0.6625
1965-06-18 00:00,0.8659
1965-06-28 00:00,0.0216
1965-07-08 00:00,0.7222
1965-07-18 00:00,0.8405
1965-07-28 00:00,0.0047
1965-08-07 00:00,0.7627
1965-08-17 00:00,0.8066
1965-08-27 00:00,0.0026
1965-09-06 00:00,0.7887
1965-09-16 00:00,0.7602
1965-09-26 00:00,0.0115
1965-10-06 00:00,0.8066
1965-10-16 00:00,0.6983
1965-10-26 00:00,0.0239
1965-11-05 00:00,0.8223
1965-11-15 00:00,0.6238
1965-11-25 00:00,0.0349
1965-12-05 00:00,0.8406
1965-12-15 00:00,0.5477
1965-12-25 00:00,0.0434
1966-01-04 00:00,0.8648
1966-01-14 00:00,0.4831
1966-01-24 00:00,0.0506
1966-02-03 00:00,0.8968
1966-02-13 00:00,0.4362
1966-02-23 00:00,0.0593
1966-03-05 00:00,0.9336
1966-03-15 00:00,0.4043
1966-03-25 00:00,0.0744
1966-04-04 00:00,0.9672
1966-04-14 00:00,0.3805
1966-04-24 00:00,0.1029
1966-05-04 00:00,0.9896
1966-05-14 00:00,0.3581
1966-05-24 00:00,0.1514
1966-06-03 00:00,0.9987
1966-06-13 00:00,0.3323
1966-06-23 00:00,0.2211
1966-07-03 00:00,0.9985
1966-07-13 00:00,0.2991
1966-07-23 00:00,0.3023
1966-08-02 00:00,0.9945
1966-08-12 00:00,0.2558
1966-08-22 00:00,0.379
1966-09-01 00:00,0.9898
1966-09-11 00:00,0.2024
1966-09-21 00:00,0.4389
1966-10-01 00:00,0.9844
1966-10-11 00:00,0.1448
1966-10-21 00:00,0.4783
1966-10-31 00:00,0.9758
1966-11-10 00:00,0.0936
1966-11-20 00:00,0.5
1966-11-30 00:00,0.9603
1966-12-10 00:00,0.057
1966-12-20 00:00,0.5105
1966-12-30 00:00,0.9348
1967-01-09 00:00,0.0351
1967-01-19 00:00,0.5184
1967-01-29 00:00,0.8975
1967-02-08 00:00,0.0227
1967-02-18 00:00,0.5344
1967-02-28 00:00,0.8497
1967-03-10 00:00,0.0145
1967-03-20 00:00,0.5681
1967-03-30 00:00,0.7966
1967-04-09 00:00,0.0082
1967-04-19 00:00,0.6242
1967-04-29 00:00,0.7455
1967-05-09 00:00,0.0036
1967-05-19 00:00,0.6986
1967-05-29 00:00,0.7022
1967-06-08 00:00,0.0012
1967-06-18 00:00,0.7779
1967-06-28 00:00,0.6686
1967-07-08 00:00,0.0028
1967-07-18 00:00,0.8466
1967-07-28 00:00,0.6423
1967-08-07 00:00,0.0119
1967-08-17 00:00,0.8965
1967-08-27 00:00,0.6183
1967-09-06 00:00,0.0336
1967-09-16 00:00,0.9287
1967-09-26 00:00,0.5906
1967-10-06 00:00,0.0689
1967-10-16 00:00,0.9475
1967-10-26 00:00,0.5534
1967-11-05 00:00,0.111
1967-11-15 00:00,0.9576
1967-11-25 00:00,0.503
1967-12-05 00:00,0.1485
1967-12-15 00:00,0.9633
1967-12-25 00:00,0.4395
1968-01-04 00:00,0.1746
1968-01-14 00:00,0.9693
1968-01-24 00:00,0.3678
1968-02-03 00:00,0.1902
1968-02-13 00:00,0.9789
1968-02-23 00:00,0.2973
1968-03-04 00:00,0.2017
1968-03-14 00:00,0.991
1968-03-24 00:00,0.2371
1968-04-03 00:00,0.2165
1968-04-13 00:00,0.9994
1968-04-23 00:00,0.1915
1968-05-03 00:00,0.2409
1968-05-13 00:00,0.9959
1968-05-23 00:00,0.1593
1968-06-02 00:00,0.2797
1968-06-12 00:00,0.978
1968-06-22 00:00,0.1359
1968-07-02 00:00,0.3371
1968-07-12 00:00,0.9513
1968-07-22 00:00,0.1161
1968-08-01 00:00,0.4139
1968-08-11 00:00,0.9245
1968-08-21 00:00,0.0957
1968-08-31 00:00,0.5033
1968-09-10 00:00,0.9026
1968-09-20 00:00,0.073
1968-09-30 00:00,0.5901
1968-10-10 00:00,0.886
1968-10-20 00:00,0.0491
1968-10-30 00:00,0.6591
1968-11-09 00:00,0.8728
1968-11-19 00:00,0.0272
1968-11-29 00:00,0.7043
1968-12-09 00:00,0.8592
1968-12-19 00:00,0.0108
1968-12-29 00:00,0.7295
1969-01-08 00:00,0.8396
1969-01-18 00:00,0.0023
1969-01-28 00:00,0.7433
1969-02-07 00:00,0.8064
1969-02-17 00:00,0.0018
1969-02-27 00:00,0.7545
1969-03-09 00:00,0.7531
1969-03-19 00:00,0.0075
1969-03-29 00:00,0.7705
1969-04-08 00:00,0.6796
1969-04-18 00:00,0.0168
1969-04-28 00:00,0.7962
1969-05-08 00:00,0.5962
1969-05-18 00:00,0.0275
1969-05-28 00:00,0.8342
1969-06-07 00:00,0.5179
1969-06-17 00:00,0.0389
1969-06-27 00:00,0.882
1969-07-07 00:00,0.4549
1969-07-17 00:00,0.0529
1969-07-27 00:00,0.9311
1969-08-06 00:00,0.4093
1969-08-16 00:00,0.0736
1969-08-26 00:00,0.9695
1969-09-05 00:00,0.3783
1969-09-15 00:00,0.1061
1969-09-25 00:00,0.9907
1969-10-05 00:00,0.3576
1969-10-15 00:00,0.1535
1969-10-25 00:00,0.9978
1969-11-04 00:00,0.3418
1969-11-14 00:00,0.2136
1969-11-24 00:00,0.9983
1969-12-04 00:00,0.3235
1969-12-14 00:00,0.2776
1969-12-24 00:00,0.9977
1970-01-03 00:00,0.2948
1970-01-13 00:00,0.3353
1970-01-23 00:00,0.9975
1970-02-02 00:00,0.2505
1970-02-12 00:00,0.3808
1970-02-22 00:00,0.9961
1970-03-04 00:00,0.1932
1970-03-14 00:00,0.4141
1970-03-24 00:00,0.991
1970-04-03 00:00,0.1339
1970-04-13 00:00,0.4388
1970-04-23 00:00,0.9787
1970-05-03 00:00,0.0846
1970-05-13 00:00,0.4603
1970-05-23 00:00,0.9545
1970-06-02 00:00,0.0502
1970-06-12 00:00,0.4849
1970-06-22 00:00,0.9139
1970-07-02 00:00,0.0283
1970-07-12 00:00,0.5191
1970-07-22 00:00,0.8576
1970-08-01 00:00,0.015
1970-08-11 00:00,0.5672
1970-08-21 00:00,0.7955
1970-08-31 00:00,0.0075
1970-09-10 00:00,0.6296
1970-09-20 00:00,0.7415
1970-09-30 00:00,0.0039
1970-10-10 00:00,0.7005
1970-10-20 00:00,0.7042
1970-10-30 00:00,0.0023
1970-11-09 00:00,0.7696
1970-11-19 00:00,0.6841
1970-11-29 00:00,0.002
1970-12-09 00:00,0.8274
1970-12-19 00:00,0.6746
1970-12-29 00:00,0.0049
1971-01-08 00:00,0.8699
1971-01-18 00:00,0.6661
1971-01-28 00:00,0.016
1971-02-07 00:00,0.8983
1971-02-17 00:00,0.6488
1971-02-27 00:00,0.0392
1971-03-09 00:00,0.9163
1971-03-19 00:00,0.6152
1971-03-29 00:00,0.0727
1971-04-08 00:00,0.9289
1971-04-18 00:00,0.5601
1971-04-28 00:00,0.1093
1971-05-08 00:00,0.941
1971-05-18 00:00,0.4835
1971-05-28 00:00,0.1425
1971-06-07 00:00,0.956
1971-06-17 00:00,0.3935
1971-06-27 00:00,0.1703
1971-07-07 00:00,0.974
1971-07-17 00:00,0.306
1971-07-27 00:00,0.1944
1971-08-06 00:00,0.9908
1971-08-16 00:00,0.2357
1971-08-26 00:00,0.2176
1971-09-05 00:00,0.9992
1971-09-15 00:00,0.1883
1971-09-25 00:00,0.2434
1971-10-05 00:00,0.9947
1971-10-15 00:00,0.1606
1971-10-25 00:00,0.2761
1971-11-04 00:00,0.9798
1971-11-14 00:00,0.1456
1971-11-24 00:00,0.321
1971-12-04 00:00,0.9617
1971-12-14 00:00,0.1357
1971-12-24 00:00,0.3819
1972-01-03 00:00,0.946
1972-01-13 00:00,0.1247
1972-01-23 00:00,0.4561
1972-02-02 00:00,0.9335
1972-02-12 00:00,0.1082
1972-02-22 00:00,0.5325
1972-03-03 00:00,0.9226
1972-03-13 00:00,0.0837
1972-03-23 00:00,0.5992
1972-04-02 00:00,0.9107
1972-04-12 00:00,0.0529
1972-04-22 00:00,0.6508
1972-05-02 00:00,0.8939
1972-05-12 00:00,0.0232
1972-05-22 00:00,0.6892
1972-06-01 00:00,0.8664
1972-06-11 00:00,0.0044
1972-06-21 00:00,0.7191
1972-07-01 00:00,0.8216
1972-07-11 00:00,0.0005
1972-07-21 00:00,0.7449
1972-07-31 00:00,0.7559
1972-08-10 00:00,0.0076
1972-08-20 00:00,0.7702
1972-08-30 00:00,0.6744
1972-09-09 00:00,0.0184
1972-09-19 00:00,0.7981
1972-09-29 00:00,0.5914
1972-10-09 00:00,0.0277
1972-10-19 00:00,0.8319
1972-10-29 00:00,0.5224
1972-11-08 00:00,0.0345
1972-11-18 00:00,0.8719
1972-11-28 00:00,0.4744
1972-12-08 00:00,0.0414
1972-12-18 00:00,0.9139
1972-12-28 00:00,0.4459
1973-01-07 00:00,0.0533
1973-01-17 00:00,0.9498
1973-01-27 00:00,0.4304
1973-02-06 00:00,0.0752
1973-02-16 00:00,0.9741
1973-02-26 00:00,0.4199
1973-03-08 00:00,0.1116
1973-03-18 00:00,0.9877
1973-03-28 00:00,0.4053
1973-04-07 00:00,0.1646
1973-04-17 00:00,0.9948
1973-04-27 00:00,0.378
1973-05-07 00:00,0.2309
1973-05-17 00:00,0.9986
1973-05-27 00:00,0.3324
1973-06-06 00:00,0.3005
1973-06-16 00:00,0.9997
1973-06-26 00:00,0.269
1973-07-06 00:00,0.3623
1973-07-16 00:00,0.9974
1973-07-26 00:00,0.1973
1973-08-05 00:00,0.4091
1973-08-15 00:00,0.9904
1973-08-25 00:00,0.1316
1973-09-04 00:00,0.4403
1973-09-14 00:00,0.9769
1973-09-24 00:00,0.0827
1973-10-04 00:00,0.46
1973-10-14 00:00,0.9542
1973-10-24 00:00,0.0515
1973-11-03 00:00,0.4755
1973-11-13 00:00,0.9201
1973-11-23 00:00,0.0334
1973-12-03 00:00,0.4952
1973-12-13 00:00,0.8764
1973-12-23 00:00,0.0239
1974-01-02 00:00,0.5269
1974-01-12 00:00,0.8309
1974-01-22 00:00,0.0191
1974-02-01 00:00,0.5754
1974-02-11 00:00,0.7921
1974-02-21 00:00,0.0155
1974-03-03 00:00,0.6406
1974-03-13 00:00,0.7631
1974-03-23 00:00,0.0103
1974-04-02 00:00,0.7154
1974-04-12 00:00,0.7413
1974-04-22 00:00,0.0035
1974-05-02 00:00,0.7872
1974-05-12 00:00,0.7209
1974-05-22 00:00,0.0005
1974-06-01 00:00,0.8454
1974-06-11 00:00,0.6962
1974-06-21 00:00,0.0097
1974-07-01 00:00,0.8862
1974-07-11 00:00,0.6627
1974-07-21 00:00,0.0359
1974-07-31 00:00,0.9122
1974-08-10 00:00,0.6168
1974-08-20 00:00,0.0738
1974-08-30 00:00,0.929
1974-09-09 00:00,0.556
1974-09-19 00:00,0.1115
1974-09-29 00:00,0.9418
1974-10-09 00:00,0.4812
1974-10-19 00:00,0.1403
1974-10-29 00:00,0.9543
1974-11-08 00:00,0.4005
1974-11-18 00:00,0.1586
1974-11-28 00:00,0.9678
1974-12-08 00:00,0.327
1974-12-18 00:00,0.1699
1974-12-28 00:00,0.9816
1975-01-07 00:00,0.271
1975-01-17 00:00,0.1798
1975-01-27 00:00,0.9929
1975-02-06 00:00,0.2339
1975-02-16 00:00,0.1944
1975-02-26 00:00,0.9981
1975-03-08 00:00,0.21
1975-03-18 00:00,0.2214
1975-03-28 00:00,0.9943
1975-04-07 00:00,0.1917
1975-04-17 00:00,0.2686
1975-04-27 00:00,0.9817
1975-05-07 00:00,0.1728
1975-05-17 00:00,0.3399
1975-05-27 00:00,0.9638
1975-06-06 00:00,0.1498
1975-06-16 00:00,0.4294
1975-06-26 00:00,0.9446
1975-07-06 00:00,0.1208
1975-07-16 00:00,0.5211
1975-07-26 00:00,0.9269
1975-08-05 00:00,0.0866
1975-08-15 00:00,0.5984
1975-08-25 00:00,0.9106
1975-09-04 00:00,0.051
1975-09-14 00:00,0.6537
1975-09-24 00:00,0.8929
1975-10-04 00:00,0.0215
1975-10-14 00:00,0.6886
1975-10-24 00:00,0.8686
1975-11-03 00:00,0.0046
1975-11-13 00:00,0.7083
1975-11-23 00:00,0.8324
1975-12-03 00:00,0.0002
1975-12-13 00:00,0.7191
1975-12-23 00:00,0.7815
1976-01-02 00:00,0.0031
1976-01-12 00:00,0.7287
1976-01-22 00:00,0.7183
1976-02-01 00:00,0.0074
1976-02-11 00:00,0.7461
1976-02-21 00:00,0.6502
1976-03-02 00:00,0.011
1976-03-12 00:00,0.7787
1976-03-22 00:00,0.5862
1976-04-01 00:00,0.0149
1976-04-11 00:00,0.8276
1976-04-21 00:00,0.5325
1976-05-01 00:00,0.0227
1976-05-11 00:00,0.8843
1976-05-21 00:00,0.4905
1976-05-31 00:00,0.038
1976-06-10 00:00,0.9346
1976-06-20 00:00,0.4585
1976-06-30 00:00,0.0652
1976-07-10 00:00,0.9687
1976-07-20 00:00,0.4324
1976-07-30 00:00,0.1081
1976-08-09 00:00,0.9871
1976-08-19 00:00,0.4065
1976-08-29 00:00,0.167
1976-09-08 00:00,0.9958
1976-09-18 00:00,0.375
1976-09-28 00:00,0.2348
1976-10-08 00:00,0.9993
1976-10-18 00:00,0.3337
1976-10-28 00:00,0.2979
1976-11-07 00:00,0.9999
1976-11-17 00:00,0.2821
1976-11-27 00:00,0.3449
1976-12-07 00:00,0.9985
1976-12-17 00:00,0.2241
1976-12-27 00:00,0.3729
1977-01-06 00:00,0.9957
1977-01-16 00:00,0.1673
1977-01-26 00:00,0.387
1977-02-05 00:00,0.9904
1977-02-15 00:00,0.1187
1977-02-25 00:00,0.3967
1977-03-07 00:00,0.9782
1977-03-17 00:00,0.0819
1977-03-27 00:00,0.4118
1977-04-06 00:00,0.9521
1977-04-16 00:00,0.0566
1977-04-26 00:00,0.4402
1977-05-06 00:00,0.9098
1977-05-16 00:00,0.0402
1977-05-26 00:00,0.4867
1977-06-05 00:00,0.858
1977-06-15 00:00,0.029
1977-06-25 00:00,0.5529
1977-07-05 00:00,0.8083
1977-07-15 00:00,0.0195
1977-07-25 00:00,0.6344
1977-08-04 00:00,0.7686
1977-08-14 00:00,0.0102
1977-08-24 00:00,0.7193
1977-09-03 00:00,0.7402
1977-09-13 00:00,0.0024
1977-09-23 00:00,0.7924
1977-10-03 00:00,0.72
1977-10-13 00:00,0.0003
1977-10-23 00:00,0.8444
1977-11-02 00:00,0.7033
1977-11-12 00:00,0.0084
1977-11-22 00:00,0.8754
1977-12-02 00:00,0.6842
1977-12-12 00:00,0.0269
1977-12-22 00:00,0.8918
1978-01-01 00:00,0.6553
1978-01-11 00:00,0.051
1978-01-21 00:00,0.9012
1978-01-31 00:00,0.6091
1978-02-10 00:00,0.0751
1978-02-20 00:00,0.9105
1978-03-02 00:00,0.5417
1978-03-12 00:00,0.0967
1978-03-22 00:00,0.9239
1978-04-01 00:00,0.459
1978-04-11 00:00,0.116
1978-04-21 00:00,0.9429
1978-05-01 00:00,0.3756
1978-05-11 00:00,0.1346
1978-05-21 00:00,0.966
1978-05-31 00:00,0.3052
1978-06-10 00:00,0.155
1978-06-20 00:00,0.9871
1978-06-30 00:00,0.2529
1978-07-10 00:00,0.1812
1978-07-20 00:00,0.9982
1978-07-30 00:00,0.2162
1978-08-09 00:00,0.219
1978-08-19 00:00,0.9948
1978-08-29 00:00,0.1904
1978-09-08 00:00,0.2732
1978-09-18 00:00,0.9807
1978-09-28 00:00,0.1711
1978-10-08 00:00,0.3441
1978-10-18 00:00,0.9638
1978-10-28 00:00,0.1543
1978-11-07 00:00,0.4238
1978-11-17 00:00,0.9505
1978-11-27 00:00,0.1355
1978-12-07 00:00,0.4986
1978-12-17 00:00,0.9423
1978-12-27 00:00,0.1103
1979-01-06 00:00,0.5583
1979-01-16 00:00,0.9363
1979-01-26 00:00,0.0779
1979-02-05 00:00,0.6006
1979-02-15 00:00,0.9268
1979-02-25 00:00,0.0441
1979-03-07 00:00,0.6293
1979-03-17 00:00,0.9075
1979-03-27 00:00,0.0181
1979-04-06 00:00,0.6503
1979-04-16 00:00,0.8726
1979-04-26 00:00,0.0048
1979-05-06 00:00,0.6697
1979-05-16 00:00,0.8181
1979-05-26 00:00,0.0019
1979-06-05 00:00,0.6941
1979-06-15 00:00,0.7452
1979-06-25 00:00,0.0041
1979-07-05 00:00,0.7289
1979-07-15 00:00,0.6633
1979-07-25 00:00,0.0085
1979-08-04 00:00,0.776
1979-08-14 00:00,0.5871
1979-08-24 00:00,0.0147
1979-09-03 00:00,0.8318
1979-09-13 00:00,0.5282
1979-09-23 00:00,0.0241
1979-10-03 00:00,0.8866
1979-10-13 00:00,0.4907
1979-10-23 00:00,0.0379
1979-11-02 00:00,0.9306
1979-11-12 00:00,0.4713
1979-11-22 00:00,0.0584
1979-12-02 00:00,0.9601
1979-12-12 00:00,0.4621
1979-12-22 00:00,0.0887
1980-01-01 00:00,0.9777
1980-01-11 00:00,0.4528
1980-01-21 00:00,0.1315
1980-01-31 00:00,0.9878
1980-02-10 00:00,0.4332
1980-02-20 00:00,0.1847
1980-03-01 00:00,0.9932
1980-03-11 00:00,0.3961
1980-03-21 00:00,0.2402
1980-03-31 00:00,0.9957
1980-04-10 00:00,0.339
1980-04-20 00:00,0.289
1980-04-30 00:00,0.9974
1980-05-10 00:00,0.2666
1980-05-20 00:00,0.3276
1980-05-30 00:00,0.9981
1980-06-09 00:00,0.1912
1980-06-19 00:00,0.3579
1980-06-29 00:00,0.9947
1980-07-09 00:00,0.1271
1980-07-19 00:00,0.3842
1980-07-29 00:00,0.9805
1980-08-08 00:00,0.0819
1980-08-18 00:00,0.4113
1980-08-28 00:00,0.9501
1980-09-07 00:00,0.0549
1980-09-17 00:00,0.4435
1980-09-27 00:00,0.9061
1980-10-07 00:00,0.0406
1980-10-17 00:00,0.4848
1980-10-27 00:00,0.8602
1980-11-06 00:00,0.0328
1980-11-16 00:00,0.5388
1980-11-26 00:00,0.8237
1980-12-06 00:00,0.0265
1980-12-16 00:00,0.6055
1980-12-26 00:00,0.8001
1981-01-05 00:00,0.0191
1981-01-15 00:00,0.678
1981-01-25 00:00,0.7856
1981-02-04 00:00,0.0104
1981-02-14 00:00,0.7446
1981-02-24 00:00,0.7741
1981-03-06 00:00,0.0031
1981-03-16 00:00,0.7967
1981-03-26 00:00,0.7592
1981-04-05 00:00,0.0021
1981-04-15 00:00,0.8338
1981-04-25 00:00,0.7347
1981-05-05 00:00,0.0122
1981-05-15 00:00,0.8606
1981-05-25 00:00,0.6937
1981-06-04 00:00,0.0345
1981-06-14 00:00,0.8823
1981-06-24 00:00,0.6309
1981-07-04 00:00,0.0641
1981-07-14 00:00,0.9025
1981-07-24 00:00,0.5473
1981-08-03 00:00,0.0936
1981-08-13 00:00,0.9229
1981-08-23 00:00,0.4545
1981-09-02 00:00,0.1179
1981-09-12 00:00,0.9441
1981-09-22 00:00,0.3705
1981-10-02 00:00,0.1355
1981-10-12 00:00,0.9656
1981-10-22 00:00,0.3074
1981-11-01 00:00,0.149
1981-11-11 00:00,0.9848
1981-11-21 00:00,0.2668
1981-12-01 00:00,0.1642
1981-12-11 00:00,0.9972
1981-12-21 00:00,0.2434
1981-12-31 00:00,0.1887
1982-01-10 00:00,0.9996
1982-01-20 00:00,0.2303
1982-01-30 00:00,0.2292
1982-02-09 00:00,0.9935
1982-02-19 00:00,0.2203
1982-03-01 00:00,0.2887
1982-03-11 00:00,0.9835
1982-03-21 00:00,0.2059
1982-03-31 00:00,0.3639
1982-04-10 00:00,0.9734
1982-04-20 00:00,0.1803
1982-04-30 00:00,0.4446
1982-05-10 00:00,0.9638
1982-05-20 00:00,0.1409
1982-05-30 00:00,0.5188
1982-06-09 00:00,0.9522
1982-06-19 00:00,0.0927
1982-06-29 00:00,0.5786
1982-07-09 00:00,0.9349
1982-07-19 00:00,0.048
1982-07-29 00:00,0.6219
1982-08-08 00:00,0.9082
1982-08-18 00:00,0.0182
1982-08-28 00:00,0.6508
1982-09-07 00:00,0.8689
1982-09-17 00:00,0.0049
1982-09-27 00:00,0.6706
1982-10-07 00:00,0.8156
1982-10-17 00:00,0.0018
1982-10-27 00:00,0.6882
1982-11-06 00:00,0.7509
1982-11-16 00:00,0.0021
1982-11-26 00:00,0.7109
1982-12-06 00:00,0.6839
1982-12-16 00:00,0.0034
1982-12-26 00:00,0.7439
1983-01-05 00:00,0.6258
1983-01-15 00:00,0.006
1983-01-25 00:00,0.7889
1983-02-04 00:00,0.5832
1983-02-14 00:00,0.0105
1983-02-24 00:00,0.8416
1983-03-06 00:00,0.5552
1983-03-16 00:00,0.0182
1983-03-26 00:00,0.8934
1983-04-05 00:00,0.5355
1983-04-15 00:00,0.0331
1983-04-25 00:00,0.9359
1983-05-05 00:00,0.516
1983-05-15 00:00,0.062
1983-05-25 00:00,0.9652
1983-06-04 00:00,0.4897
1983-06-14 00:00,0.1104
1983-06-24 00:00,0.9824
1983-07-04 00:00,0.4518
1983-07-14 00:00,0.1741
1983-07-24 00:00,0.991
1983-08-03 00:00,0.4001
1983-08-13 00:00,0.2393
1983-08-23 00:00,0.9951
1983-09-02 00:00,0.3354
1983-09-12 00:00,0.292
1983-09-22 00:00,0.9974
1983-10-02 00:00,0.2635
1983-10-12 00:00,0.3267
1983-10-22 00:00,0.9988
1983-11-01 00:00,0.195
1983-11-11 00:00,0.3462
1983-11-21 00:00,0.9972
1983-12-01 00:00,0.1405
1983-12-11 00:00,0.3571
1983-12-21 00:00,0.9884
1983-12-31 00:00,0.1039
1984-01-10 00:00,0.3676
1984-01-20 00:00,0.969
1984-01-30 00:00,0.0823
1984-02-09 00:00,0.386
1984-02-19 00:00,0.9395
1984-02-29 00:00,0.0691
1984-03-10 00:00,0.4209
1984-03-20 00:00,0.9044
1984-03-30 00:00,0.0582
1984-04-09 00:00,0.4789
1984-04-19 00:00,0.8691
1984-04-29 00:00,0.0459
1984-05-09 00:00,0.5592
1984-05-19 00:00,0.8369
1984-05-29 00:00,0.0313
1984-06-08 00:00,0.6495
1984-06-18 00:00,0.8089
1984-06-28 00:00,0.0161
1984-07-08 00:00,0.7319
1984-07-18 00:00,0.7843
1984-07-28 00:00,0.0047
1984-08-07 00:00,0.7943
1984-08-17 00:00,0.7604
1984-08-27 00:00,0.0025
1984-09-06 00:00,0.8357
1984-09-16 00:00,0.7326
1984-09-26 00:00,0.0127
1984-10-06 00:00,0.8614
1984-10-16 00:00,0.6947
1984-10-26 00:00,0.0326
1984-11-05 00:00,0.8771
1984-11-15 00:00,0.6418
1984-11-25 00:00,0.0551
1984-12-05 00:00,0.8877
1984-12-15 00:00,0.574
1984-12-25 00:00,0.0737
1985-01-04 00:00,0.898
1985-01-14 00:00,0.4986
1985-01-24 00:00,0.0864
1985-02-03 00:00,0.9134
1985-02-13 00:00,0.4269
1985-02-23 00:00,0.0955
1985-03-05 00:00,0.9369
1985-03-15 00:00,0.3668
1985-03-25 00:00,0.1062
1985-04-04 00:00,0.9656
1985-04-14 00:00,0.3202
1985-04-24 00:00,0.125
1985-05-04 00:00,0.9894
1985-05-14 00:00,0.285
1985-05-24 00:00,0.1581
1985-06-03 00:00,0.9993
1985-06-13 00:00,0.2578
1985-06-23 00:00,0.21
1985-07-03 00:00,0.9953
1985-07-13 00:00,0.234
1985-07-23 00:00,0.2814
1985-08-02 00:00,0.9844
1985-08-12 00:00,0.2086
1985-08-22 00:00,0.3659
1985-09-01 00:00,0.9732
1985-09-11 00:00,0.1776
1985-09-21 00:00,0.4496
1985-10-01 00:00,0.9639
1985-10-11 00:00,0.1399
1985-10-21 00:00,0.5183
1985-10-31 00:00,0.9551
1985-11-10 00:00,0.0989
1985-11-20 00:00,0.5648
1985-11-30 00:00,0.944
1985-12-10 00:00,0.0616
1985-12-20 00:00,0.5903
1985-12-30 00:00,0.9277
1986-01-09 00:00,0.0335
1986-01-19 00:00,0.6022
1986-01-29 00:00,0.902
1986-02-08 00:00,0.0155
1986-02-18 00:00,0.6107
1986-02-28 00:00,0.8618
1986-03-10 00:00,0.0054
1986-03-20 00:00,0.626
1986-03-30 00:00,0.804
1986-04-09 00:00,0.0008
1986-04-19 00:00,0.6558
1986-04-29 00:00,0.7341
1986-05-09 00:00,0.0003
1986-05-19 00:00,0.7031
1986-05-29 00:00,0.6646
1986-06-08 00:00,0.0028
1986-06-18 00:00,0.7656
1986-06-28 00:00,0.6069
1986-07-08 00:00,0.0079
1986-07-18 00:00,0.8339
1986-07-28 00:00,0.5647
1986-08-07 00:00,0.0169
1986-08-17 00:00,0.8949
1986-08-27 00:00,0.5356
1986-09-06 00:00,0.0338
1986-09-16 00:00,0.9392
1986-09-26 00:00,0.5143
1986-10-06 00:00,0.0637
1986-10-16 00:00,0.9656
1986-10-26 00:00,0.495
1986-11-05 00:00,0.1076
1986-11-15 00:00,0.9784
1986-11-25 00:00,0.4715
1986-12-05 00:00,0.1585
1986-12-15 00:00,0.9839
1986-12-25 00:00,0.4371
1987-01-04 00:00,0.2051
1987-01-14 00:00,0.9872
1987-01-24 00:00,0.3863
1987-02-03 00:00,0.2408
1987-02-13 00:00,0.9913
1987-02-23 00:00,0.3193
1987-03-05 00:00,0.2664
1987-03-15 00:00,0.9964
1987-03-25 00:00,0.2459
1987-04-04 00:00,0.2867
1987-04-14 00:00,0.9998
1987-04-24 00:00,0.1803
1987-05-04 00:00,0.3069
1987-05-14 00:00,0.9959
1987-05-24 00:00,0.1309
1987-06-03 00:00,0.3316
1987-06-13 00:00,0.9788
1987-06-23 00:00,0.0973
1987-07-03 00:00,0.3662
1987-07-13 00:00,0.9468
1987-07-23 00:00,0.0745
1987-08-02 00:00,0.416
1987-08-12 00:00,0.9061
1987-08-22 00:00,0.0577
1987-09-01 00:00,0.4837
1987-09-11 00:00,0.8668
1987-09-21 00:00,0.0441
1987-10-01 00:00,0.5647
1987-10-11 00:00,0.8365
1987-10-21 00:00,0.0323
1987-10-31 00:00,0.6462
1987-11-10 00:00,0.8174
1987-11-20 00:00,0.0211
1987-11-30 00:00,0.7145
1987-12-10 00:00,0.8067
1987-12-20 00:00,0.0102
1987-12-30 00:00,0.7634
1988-01-09 00:00,0.7977
1988-01-19 00:00,0.0023
1988-01-29 00:00,0.7956
1988-02-08 00:00,0.7816
1988-02-18 00:00,0.002
1988-02-28 00:00,0.8169
1988-03-09 00:00,0.7499
1988-03-19 00:00,0.0124
1988-03-29 00:00,0.8331
1988-04-08 00:00,0.6964
1988-04-18 00:00,0.0308
1988-04-28 00:00,0.8494
1988-05-08 00:00,0.6209
1988-05-18 00:00,0.0514
1988-05-28 00:00,0.8704
1988-06-07 00:00,0.5316
1988-06-17 00:00,0.0702
1988-06-27 00:00,0.8991
1988-07-07 00:00,0.4433
1988-07-17 00:00,0.0872
1988-07-27 00:00,0.9339
1988-08-06 00:00,0.3696
1988-08-16 00:00,0.1051
1988-08-26 00:00,0.9675
1988-09-05 00:00,0.3167
1988-09-15 00:00,0.1277
1988-09-25 00:00,0.9903
1988-10-05 00:00,0.2838
1988-10-15 00:00,0.1588
1988-10-25 00:00,0.9984
1988-11-04 00:00,0.2662
1988-11-14 00:00,0.2015
1988-11-24 00:00,0.9966
1988-12-04 00:00,0.2561
1988-12-14 00:00,0.2574
1988-12-24 00:00,0.992
1989-01-03 00:00,0.2447
1989-01-13 00:00,0.324
1989-01-23 00:00,0.9879
1989-02-02 00:00,0.2239
1989-02-12 00:00,0.3936
1989-02-22 00:00,0.9835
1989-03-04 00:00,0.1891
1989-03-14 00:00,0.4558
1989-03-24 00:00,0.9768
1989-04-03 00:00,0.1421
1989-04-13 00:00,0.5046
1989-04-23 00:00,0.966
1989-05-03 00:00,0.0914
1989-05-13 00:00,0.5406
1989-05-23 00:00,0.9481
1989-06-02 00:00,0.0483
1989-06-12 00:00,0.5686
1989-06-22 00:00,0.9175
1989-07-02 00:00,0.0197
1989-07-12 00:00,0.5945
1989-07-22 00:00,0.8686
1989-08-01 00:00,0.0053
1989-08-11 00:00,0.6235
1989-08-21 00:00,0.8017
1989-08-31 00:00,0.0006
1989-09-10 00:00,0.6591
1989-09-20 00:00,0.7284
1989-09-30 00:00,0.001
1989-10-10 00:00,0.7033
1989-10-20 00:00,0.6651
1989-10-30 00:00,0.003
1989-11-09 00:00,0.7559
1989-11-19 00:00,0.6217
1989-11-29 00:00,0.005
1989-12-09 00:00,0.8132
1989-12-19 00:00,0.5975
1989-12-29 00:00,0.0082
1990-01-08 00:00,0.8671
1990-01-18 00:00,0.585
1990-01-28 00:00,0.0169
1990-02-07 00:00,0.9098
1990-02-17 00:00,0.5751
1990-02-27 00:00,0.0366
1990-03-09 00:00,0.9386
1990-03-19 00:00,0.5596
1990-03-29 00:00,0.071
1990-04-08 00:00,0.9566
1990-04-18 00:00,0.5308
1990-04-28 00:00,0.1181
1990-05-08 00:00,0.9688
1990-05-18 00:00,0.4825
1990-05-28 00:00,0.1703
1990-06-07 00:00,0.9791
1990-06-17 00:00,0.4124
1990-06-27 00:00,0.2187
1990-07-07 00:00,0.9886
1990-07-17 00:00,0.3274
1990-07-27 00:00,0.2581
1990-08-06 00:00,0.9962
1990-08-16 00:00,0.2434
1990-08-26 00:00,0.2875
1990-09-05 00:00,0.9993
1990-09-15 00:00,0.1763
1990-09-25 00:00,0.3086
1990-10-05 00:00,0.9948
1990-10-15 00:00,0.1316
1990-10-25 00:00,0.3263
1990-11-04 00:00,0.9805
1990-11-14 00:00,0.105
1990-11-24 00:00,0.3481
1990-12-04 00:00,0.9573
1990-12-14 00:00,0.0897
1990-12-24 00:00,0.3824
1991-01-03 00:00,0.9298
1991-01-13 00:00,0.0801
1991-01-23 00:00,0.4353
1991-02-02 00:00,0.9034
1991-02-12 00:00,0.0717
1991-02-22 00:00,0.5061
1991-03-04 00:00,0.8815
1991-03-14 00:00,0.0605
1991-03-24 00:00,0.5862
1991-04-03 00:00,0.864
1991-04-13 00:00,0.0435
1991-04-23 00:00,0.6628
1991-05-03 00:00,0.8478
1991-05-13 00:00,0.0222
1991-05-23 00:00,0.7266
1991-06-02 00:00,0.8277
1991-06-12 00:00,0.0046
1991-06-22 00:00,0.7747
1991-07-02 00:00,0.7977
1991-07-12 00:00,0.0007
1991-07-22 00:00,0.8089
1991-08-01 00:00,0.7533
1991-08-11 00:00,0.0126
1991-08-21 00:00,0.8326
1991-08-31 00:00,0.6921
1991-09-10 00:00,0.0329
1991-09-20 00:00,0.8505
1991-09-30 00:00,0.6165
1991-10-10 00:00,0.0515
1991-10-20 00:00,0.8681
1991-10-30 00:00,0.5353
1991-11-09 00:00,0.0641
1991-11-19 00:00,0.8897
1991-11-29 00:00,0.4612
1991-12-09 00:00,0.0723
1991-12-19 00:00,0.9169
1991-12-29 00:00,0.4036
1992-01-08 00:00,0.0806
1992-01-18 00:00,0.9465
1992-01-28 00:00,0.3652
1992-02-07 00:00,0.0938
1992-02-17 00:00,0.9726
1992-02-27 00:00,0.3417
1992-03-08 00:00,0.1166
1992-03-18 00:00,0.99
1992-03-28 00:00,0.3254
1992-04-07 00:00,0.1549
1992-04-17 00:00,0.9978
1992-04-27 00:00,0.3075
1992-05-07 00:00,0.2138
1992-05-17 00:00,0.9983
1992-05-27 00:00,0.2814
1992-06-06 00:00,0.2919
1992-06-16 00:00,0.9938
1992-06-26 00:00,0.2436
1992-07-06 00:00,0.377
1992-07-16 00:00,0.9861
1992-07-26 00:00,0.1948
1992-08-05 00:00,0.4521
1992-08-15 00:00,0.9765
1992-08-25 00:00,0.1403
1992-09-04 00:00,0.507
1992-09-14 00:00,0.9647
1992-09-24 00:00,0.089
1992-10-04 00:00,0.541
1992-10-14 00:00,0.9486
1992-10-24 00:00,0.0492
1992-11-03 00:00,0.5597
1992-11-13 00:00,0.9237
1992-11-23 00:00,0.024
1992-12-03 00:00,0.5709
1992-12-13 00:00,0.8857
1992-12-23 00:00,0.0113
1993-01-02 00:00,0.5829
1993-01-12 00:00,0.8349
1993-01-22 00:00,0.0062
1993-02-01 00:00,0.6039
1993-02-11 00:00,0.7785
1993-02-21 00:00,0.0043
1993-03-03 00:00,0.6415
1993-03-13 00:00,0.7258
1993-03-23 00:00,0.0026
1993-04-02 00:00,0.6992
1993-04-12 00:00,0.6821
1993-04-22 00:00,0.0009
1993-05-02 00:00,0.7711
1993-05-12 00:00,0.647
1993-05-22 00:00,0.0018
1993-06-01 00:00,0.8425
1993-06-11 00:00,0.6178
1993-06-21 00:00,0.0108
1993-07-01 00:00,0.8988
1993-07-11 00:00,0.5912
1993-07-21 00:00,0.0336
1993-07-31 00:00,0.9355
1993-08-10 00:00,0.5631
1993-08-20 00:00,0.0722
1993-08-30 00:00,0.957
1993-09-09 00:00,0.5284
1993-09-19 00:00,0.1211
1993-09-29 00:00,0.9697
1993-10-09 00:00,0.4818
1993-10-19 00:00,0.1691
1993-10-29 00:00,0.9782
1993-11-08 00:00,0.4209
1993-11-18 00:00,0.2067
1993-11-28 00:00,0.9844
1993-12-08 00:00,0.3502
1993-12-18 00:00,0.2309
1993-12-28 00:00,0.9897
1994-01-07 00:00,0.2803
1994-01-17 00:00,0.2443
1994-01-27 00:00,0.9947
1994-02-06 00:00,0.2213
1994-02-16 00:00,0.2536
1994-02-26 00:00,0.9981
1994-03-08 00:00,0.1768
1994-03-18 00:00,0.2671
1994-03-28 00:00,0.9948
1994-04-07 00:00,0.1442
1994-04-17 00:00,0.2937
1994-04-27 00:00,0.979
1994-05-07 00:00,0.1199
1994-05-17 00:00,0.3401
1994-05-27 00:00,0.9506
1994-06-06 00:00,0.1004
1994-06-16 00:00,0.409
1994-06-26 00:00,0.9172
1994-07-06 00:00,0.0826
1994-07-16 00:00,0.4955
1994-07-26 00:00,0.8871
1994-08-05 00:00,0.0636
1994-08-15 00:00,0.5869
1994-08-25 00:00,0.8641
1994-09-04 00:00,0.0421
1994-09-14 00:00,0.6675
1994-09-24 00:00,0.8469
1994-10-04 00:00,0.0206
1994-10-14 00:00,0.7277
1994-10-24 00:00,0.8309
1994-11-03 00:00,0.005
1994-11-13 00:00,0.7659
1994-11-23 00:00,0.8106
1994-12-03 00:00,0.0004
1994-12-13 00:00,0.7865
1994-12-23 00:00,0.7805
1995-01-02 00:00,0.0059
1995-01-12 00:00,0.7965
1995-01-22 00:00,0.7358
1995-02-01 00:00,0.016
1995-02-11 00:00,0.805
1995-02-21 00:00,0.6735
1995-03-03 00:00,0.0262
1995-03-13 00:00,0.8203
1995-03-23 00:00,0.5968
1995-04-02 00:00,0.0359
1995-04-12 00:00,0.8475
1995-04-22 00:00,0.5167
1995-05-02 00:00,0.047
1995-05-12 00:00,0.8864
1995-05-22 00:00,0.4459
1995-06-01 00:00,0.0617
1995-06-11 00:00,0.9298
1995-06-21 00:00,0.3918
1995-07-01 00:00,0.0824
1995-07-11 00:00,0.9669
1995-07-21 00:00,0.3538
1995-07-31 00:00,0.1125
1995-08-10 00:00,0.9899
1995-08-20 00:00,0.3269
1995-08-30 00:00,0.1569
1995-09-09 00:00,0.9988
1995-09-19 00:00,0.3053
1995-09-29 00:00,0.218
1995-10-09 00:00,0.9987
1995-10-19 00:00,0.2836
1995-10-29 00:00,0.2907
1995-11-08 00:00,0.995
1995-11-18 00:00,0.2574
1995-11-28 00:00,0.3614
1995-12-08 00:00,0.9906
1995-12-18 00:00,0.2228
1995-12-28 00:00,0.4171
1996-01-07 00:00,0.9868
1996-01-17 00:00,0.1784
1996-01-27 00:00,0.4542
1996-02-06 00:00,0.9823
1996-02-16 00:00,0.1277
1996-02-26 00:00,0.4776
1996-03-07 00:00,0.9734
1996-03-17 00:00,0.0804
1996-03-27 00:00,0.4954
1996-04-06 00:00,0.9535
1996-04-16 00:00,0.045
1996-04-26 00:00,0.5145
1996-05-06 00:00,0.9163
1996-05-16 00:00,0.0236
1996-05-26 00:00,0.5409
1996-06-05 00:00,0.8608
1996-06-15 00:00,0.0123
1996-06-25 00:00,0.5796
1996-07-05 00:00,0.7945
1996-07-15 00:00,0.0061
1996-07-25 00:00,0.634
1996-08-04 00:00,0.7309
1996-08-14 00:00,0.0021
1996-08-24 00:00,0.7028
1996-09-03 00:00,0.68
1996-09-13 00:00,0.0002
1996-09-23 00:00,0.7766
1996-10-03 00:00,0.6455
1996-10-13 00:00,0.002
1996-10-23 00:00,0.8415
1996-11-02 00:00,0.6256
1996-11-12 00:00,0.0096
1996-11-22 00:00,0.8883
1996-12-02 00:00,0.6147
1996-12-12 00:00,0.0252
1996-12-22 00:00,0.9175
1997-01-01 00:00,0.6042
1997-01-11 00:00,0.0501
1997-01-21 00:00,0.9351
1997-01-31 00:00,0.5837
1997-02-10 00:00,0.0834
1997-02-20 00:00,0.947
1997-03-02 00:00,0.5439
1997-03-12 00:00,0.1211
1997-03-22 00:00,0.9566
1997-04-01 00:00,0.481
1997-04-11 00:00,0.1577
1997-04-21 00:00,0.9664
1997-05-01 00:00,0.3997
1997-05-11 00:00,0.1892
1997-05-21 00:00,0.9777
1997-05-31 00:00,0.3137
1997-06-10 00:00,0.215
1997-06-20 00:00,0.99
1997-06-30 00:00,0.2381
1997-07-10 00:00,0.2382
1997-07-20 00:00,0.9984
1997-07-30 00:00,0.1808
1997-08-09 00:00,0.2638
1997-08-19 00:00,0.9953
1997-08-29 00:00,0.142
1997-09-08 00:00,0.2971
1997-09-18 00:00,0.9773
1997-09-28 00:00,0.1181
1997-10-08 00:00,0.3424
1997-10-18 00:00,0.9502
1997-10-28 00:00,0.1043
1997-11-07 00:00,0.4015
1997-11-17 00:00,0.9245
1997-11-27 00:00,0.0948
1997-12-07 00:00,0.4721
1997-12-17 00:00,0.9069
1997-12-27 00:00,0.0835
1998-01-06 00:00,0.5471
1998-01-16 00:00,0.8964
1998-01-26 00:00,0.0661
1998-02-05 00:00,0.6163
1998-02-15 00:00,0.8878
1998-02-25 00:00,0.0429
1998-03-07 00:00,0.6722
1998-03-17 00:00,0.8751
1998-03-27 00:00,0.0197
1998-04-06 00:00,0.7129
1998-04-16 00:00,0.8531
1998-04-26 00:00,0.0048
1998-05-06 00:00,0.7418
1998-05-16 00:00,0.8169
1998-05-26 00:00,0.0024
1998-06-05 00:00,0.7652
1998-06-15 00:00,0.7613
1998-06-25 00:00,0.0102
1998-07-05 00:00,0.7887
1998-07-15 00:00,0.6849
1998-07-25 00:00,0.0227
1998-08-04 00:00,0.8167
1998-08-14 00:00,0.5956
1998-08-24 00:00,0.0361
1998-09-03 00:00,0.8502
1998-09-13 00:00,0.5104
1998-09-23 00:00,0.0487
1998-10-03 00:00,0.8878
1998-10-13 00:00,0.4446
1998-10-23 00:00,0.0606
1998-11-02 00:00,0.9255
1998-11-12 00:00,0.4031
1998-11-22 00:00,0.0737
1998-12-02 00:00,0.9581
1998-12-12 00:00,0.3813
1998-12-22 00:00,0.0924
1999-01-01 00:00,0.9813
1999-01-11 00:00,0.3704
1999-01-21 00:00,0.1233
1999-01-31 00:00,0.9943
1999-02-10 00:00,0.3609
1999-02-20 00:00,0.1715
1999-03-02 00:00,0.999
1999-03-12 00:00,0.3446
1999-03-22 00:00,0.2356
1999-04-01 00:00,0.9988
1999-04-11 00:00,0.3147
1999-04-21 00:00,0.3061
1999-05-01 00:00,0.9968
1999-05-11 00:00,0.2669
1999-05-21 00:00,0.3713
1999-05-31 00:00,0.9939
1999-06-10 00:00,0.2037
1999-06-20 00:00,0.4245
1999-06-30 00:00,0.9883
1999-07-10 00:00,0.1363
1999-07-20 00:00,0.4648
1999-07-30 00:00,0.9757
1999-08-09 00:00,0.0799
1999-08-19 00:00,0.4943
1999-08-29 00:00,0.9514
1999-09-08 00:00,0.0432
1999-09-18 00:00,0.5168
1999-09-28 00:00,0.9126
1999-10-08 00:00,0.024
1999-10-18 00:00,0.5377
1999-10-28 00:00,0.8621
1999-11-07 00:00,0.0147
1999-11-17 00:00,0.5641
1999-11-27 00:00,0.809
1999-12-07 00:00,0.0094
1999-12-17 00:00,0.6034
1999-12-27 00:00,0.7629
2000-01-06 00:00,0.0056
2000-01-16 00:00,0.6587
2000-01-26 00:00,0.7283
2000-02-05 00:00,0.0029
2000-02-15 00:00,0.7254
2000-02-25 00:00,0.7046
2000-03-06 00:00,0.0014
2000-03-16 00:00,0.7921
2000-03-26 00:00,0.6873
2000-04-05 00:00,0.0026
2000-04-15 00:00,0.8483
2000-04-25 00:00,0.6699
2000-05-05 00:00,0.0112
2000-05-15 00:00,0.8905
2000-05-25 00:00,0.6453
2000-06-04 00:00,0.0337
2000-06-14 00:00,0.9205
2000-06-24 00:00,0.6069
2000-07-04 00:00,0.0719
2000-07-14 00:00,0.9412
2000-07-24 00:00,0.5506
2000-08-03 00:00,0.1182
2000-08-13 00:00,0.9557
2000-08-23 00:00,0.4772
2000-09-02 00:00,0.1603
2000-09-12 00:00,0.9668
2000-09-22 00:00,0.3946
2000-10-02 00:00,0.1904
2000-10-12 00:00,0.9773
2000-10-22 00:00,0.3154
2000-11-01 00:00,0.208
2000-11-11 00:00,0.9883
2000-11-21 00:00,0.2509
2000-12-01 00:00,0.2186
2000-12-11 00:00,0.9974
2000-12-21 00:00,0.2053
2000-12-31 00:00,0.2301
2001-01-10 00:00,0.9996
2001-01-20 00:00,0.1768
2001-01-30 00:00,0.2503
2001-02-09 00:00,0.9915
2001-02-19 00:00,0.16
2001-03-01 00:00,0.286
2001-03-11 00:00,0.9748
2001-03-21 00:00,0.1476
2001-03-31 00:00,0.3423
2001-04-10 00:00,0.9549
2001-04-20 00:00,0.1327
2001-04-30 00:00,0.4198
2001-05-10 00:00,0.9354
2001-05-20 00:00,0.1105
2001-05-30 00:00,0.5101
2001-06-09 00:00,0.9169
2001-06-19 00:00,0.0806
2001-06-29 00:00,0.5969
2001-07-09 00:00,0.898
2001-07-19 00:00,0.0476
2001-07-29 00:00,0.6665
2001-08-08 00:00,0.8768
2001-08-18 00:00,0.02
2001-08-28 00:00,0.7141
2001-09-07 00:00,0.8507
2001-09-17 00:00,0.0047
2001-09-27 00:00,0.743
2001-10-07 00:00,0.8158
2001-10-17 00:00,0.0021
2001-10-27 00:00,0.7602
2001-11-06 00:00,0.7676
2001-11-16 00:00,0.0069
2001-11-26 00:00,0.7726
2001-12-06 00:00,0.7045
2001-12-16 00:00,0.014
2001-12-26 00:00,0.7869
2002-01-05 00:00,0.6325
2002-01-15 00:00,0.021
2002-01-25 00:00,0.8086
2002-02-04 00:00,0.5636
2002-02-14 00:00,0.0274
2002-02-24 00:00,0.8419
2002-03-06 00:00,0.5075
2002-03-16 00:00,0.0344
2002-03-26 00:00,0.886
2002-04-05 00:00,0.4656
2002-04-15 00:00,0.0454
2002-04-25 00:00,0.9324
2002-05-05 00:00,0.4338
2002-05-15 00:00,0.0663
2002-05-25 00:00,0.9692
2002-06-04 00:00,0.407
2002-06-14 00:00,0.1041
2002-06-24 00:00,0.9902
2002-07-04 00:00,0.3805
2002-07-14 00:00,0.1623
2002-07-24 00:00,0.9977
2002-08-03 00:00,0.3504
2002-08-13 00:00,0.2357
2002-08-23 00:00,0.9982
2002-09-02 00:00,0.3128
2002-09-12 00:00,0.3104
2002-09-22 00:00,0.9968
2002-10-02 00:00,0.2648
2002-10-12 00:00,0.372
2002-10-22 00:00,0.9951
2002-11-01 00:00,0.2083
2002-11-11 00:00,0.4141
2002-11-21 00:00,0.9918
2002-12-01 00:00,0.151
2002-12-11 00:00,0.4378
2002-12-21 00:00,0.9842
2002-12-31 00:00,0.1029
2003-01-10 00:00,0.4494
2003-01-20 00:00,0.9692
2003-01-30 00:00,0.069
2003-02-09 00:00,0.4574
2003-02-19 00:00,0.9437
2003-03-01 00:00,0.047
2003-03-11 00:00,0.472
2003-03-21 00:00,0.9053
2003-03-31 00:00,0.0321
2003-04-10 00:00,0.5027
2003-04-20 00:00,0.8558
2003-04-30 00:00,0.0211
2003-05-10 00:00,0.5555
2003-05-20 00:00,0.8025
2003-05-30 00:00,0.0127
2003-06-09 00:00,0.629
2003-06-19 00:00,0.7542
2003-06-29 00:00,0.0065
2003-07-09 00:00,0.7127
2003-07-19 00:00,0.7165
2003-07-29 00:00,0.0025
2003-08-08 00:00,0.7908
2003-08-18 00:00,0.6892
2003-08-28 00:00,0.0028
2003-09-07 00:00,0.8515
2003-09-17 00:00,0.6684
2003-09-27 00:00,0.0114
2003-10-07 00:00,0.8923
2003-10-17 00:00,0.6476
2003-10-27 00:00,0.0322
2003-11-06 00:00,0.9167
2003-11-16 00:00,0.6199
2003-11-26 00:00,0.0633
2003-12-06 00:00,0.9296
2003-12-16 00:00,0.5796
2003-12-26 00:00,0.0962
2004-01-05 00:00,0.9365
2004-01-15 00:00,0.5233
2004-01-25 00:00,0.1231
2004-02-04 00:00,0.9432
2004-02-14 00:00,0.4522
2004-02-24 00:00,0.1421
2004-03-05 00:00,0.9545
2004-03-15 00:00,0.3744
2004-03-25 00:00,0.157
2004-04-04 00:00,0.9715
2004-04-14 00:00,0.3016
2004-04-24 00:00,0.1733
2004-05-04 00:00,0.9894
2004-05-14 00:00,0.2431
2004-05-24 00:00,0.1961
2004-06-03 00:00,0.999
2004-06-13 00:00,0.2009
2004-06-23 00:00,0.2297
2004-07-03 00:00,0.9939
2004-07-13 00:00,0.1718
2004-07-23 00:00,0.2781
2004-08-02 00:00,0.9762
2004-08-12 00:00,0.1502
2004-08-22 00:00,0.3442
2004-09-01 00:00,0.9542
2004-09-11 00:00,0.1308
2004-09-21 00:00,0.4255
2004-10-01 00:00,0.935
2004-10-11 00:00,0.1101
2004-10-21 00:00,0.5109
2004-10-31 00:00,0.9207
2004-11-10 00:00,0.0868
2004-11-20 00:00,0.5846
2004-11-30 00:00,0.9102
2004-12-10 00:00,0.0614
2004-12-20 00:00,0.6371
2004-12-30 00:00,0.9004
2005-01-09 00:00,0.0361
2005-01-19 00:00,0.6691
2005-01-29 00:00,0.8864
2005-02-08 00:00,0.0152
2005-02-18 00:00,0.6882
2005-02-28 00:00,0.8613
2005-03-10 00:00,0.0028
2005-03-20 00:00,0.7032
2005-03-30 00:00,0.8173
2005-04-09 00:00,0.0003
2005-04-19 00:00,0.7211
2005-04-29 00:00,0.7512
2005-05-09 00:00,0.005
2005-05-19 00:00,0.7472
2005-05-29 00:00,0.6691
2005-06-08 00:00,0.0132
2005-06-18 00:00,0.7845
2005-06-28 00:00,0.586
2005-07-08 00:00,0.0223
2005-07-18 00:00,0.8332
2005-07-28 00:00,0.5159
2005-08-07 00:00,0.0323
2005-08-17 00:00,0.8874
2005-08-27 00:00,0.4648
2005-09-06 00:00,0.046
2005-09-16 00:00,0.9361
2005-09-26 00:00,0.4316
2005-10-06 00:00,0.0677
2005-10-16 00:00,0.9696
2005-10-26 00:00,0.4121
2005-11-05 00:00,0.1013
2005-11-15 00:00,0.9868
2005-11-25 00:00,0.4002
2005-12-05 00:00,0.1477
2005-12-15 00:00,0.9937
2005-12-25 00:00,0.3874
2006-01-04 00:00,0.203
2006-01-14 00:00,0.9966
2006-01-24 00:00,0.3641
2006-02-03 00:00,0.2596
2006-02-13 00:00,0.9987
2006-02-23 00:00,0.3226
2006-03-05 00:00,0.3106
2006-03-15 00:00,0.9999
2006-03-25 00:00,0.2625
2006-04-04 00:00,0.3521
2006-04-14 00:00,0.9988
2006-04-24 00:00,0.1935
2006-05-04 00:00,0.3844
2006-05-14 00:00,0.993
2006-05-24 00:00,0.1301
2006-06-03 00:00,0.4106
2006-06-13 00:00,0.9788
2006-06-23 00:00,0.0822
2006-07-03 00:00,0.4356
2006-07-13 00:00,0.9508
2006-07-23 00:00,0.0505
2006-08-02 00:00,0.4656
2006-08-12 00:00,0.9066
2006-08-22 00:00,0.031
2006-09-01 00:00,0.5058
2006-09-11 00:00,0.8522
2006-09-21 00:00,0.0198
2006-10-01 00:00,0.5591
2006-10-11 00:00,0.8006
2006-10-21 00:00,0.0137
2006-10-31 00:00,0.6239
2006-11-10 00:00,0.7628
2006-11-20 00:00,0.0099
2006-11-30 00:00,0.6937
2006-12-10 00:00,0.7413
2006-12-20 00:00,0.0058
2006-12-30 00:00,0.7592
2007-01-09 00:00,0.7308
2007-01-19 00:00,0.0016
2007-01-29 00:00,0.8131
2007-02-08 00:00,0.7223
2007-02-18 00:00,0.0016
2007-02-28 00:00,0.8527
2007-03-10 00:00,0.7067
2007-03-20 00:00,0.0124
2007-03-30 00:00,0.8797
2007-04-09 00:00,0.6768
2007-04-19 00:00,0.0367
2007-04-29 00:00,0.8986
2007-05-09 00:00,0.6273
2007-05-19 00:00,0.0696
2007-05-29 00:00,0.9144
2007-06-08 00:00,0.5559
2007-06-18 00:00,0.1031
2007-06-28 00:00,0.9315
2007-07-08 00:00,0.4672
2007-07-18 00:00,0.1321
2007-07-28 00:00,0.9517
2007-08-07 00:00,0.375
2007-08-17 00:00,0.1556
2007-08-27 00:00,0.9728
2007-09-06 00:00,0.2963
2007-09-16 00:00,0.1757
2007-09-26 00:00,0.99
2007-10-06 00:00,0.2408
2007-10-16 00:00,0.1953
2007-10-26 00:00,0.9981
2007-11-05 00:00,0.208
2007-11-15 00:00,0.2189
2007-11-25 00:00,0.9957
2007-12-05 00:00,0.1908
2007-12-15 00:00,0.2526
2007-12-25 00:00,0.9864
2008-01-04 00:00,0.181
2008-01-14 00:00,0.3027
2008-01-24 00:00,0.9747
2008-02-03 00:00,0.1708
2008-02-13 00:00,0.3711
2008-02-23 00:00,0.9628
2008-03-04 00:00,0.1546
2008-03-14 00:00,0.4502
2008-03-24 00:00,0.9512
2008-04-03 00:00,0.1283
2008-04-13 00:00,0.5264
2008-04-23 00:00,0.9393
2008-05-03 00:00,0.092
2008-05-13 00:00,0.5897
2008-05-23 00:00,0.9246
2008-06-02 00:00,0.0519
2008-06-12 00:00,0.6377
2008-06-22 00:00,0.9028
2008-07-02 00:00,0.0194
2008-07-12 00:00,0.6732
2008-07-22 00:00,0.8678
2008-08-01 00:00,0.0026
2008-08-11 00:00,0.7004
2008-08-21 00:00,0.8149
2008-08-31 00:00,0.0006
2008-09-10 00:00,0.7233
2008-09-20 00:00,0.7451
2008-09-30 00:00,0.0061
2008-10-10 00:00,0.7463
2008-10-20 00:00,0.6685
2008-10-30 00:00,0.0122
2008-11-09 00:00,0.7744
2008-11-19 00:00,0.5994
2008-11-29 00:00,0.0163
2008-12-09 00:00,0.8117
2008-12-19 00:00,0.5472
2008-12-29 00:00,0.0198
2009-01-08 00:00,0.8574
2009-01-18 00:00,0.5129
2009-01-28 00:00,0.0265
2009-02-07 00:00,0.904
2009-02-17 00:00,0.4918
2009-02-27 00:00,0.0408
2009-03-09 00:00,0.9423
2009-03-19 00:00,0.4769
2009-03-29 00:00,0.0672
2009-04-08 00:00,0.9683
2009-04-18 00:00,0.4602
2009-04-28 00:00,0.1099
2009-05-08 00:00,0.984
2009-05-18 00:00,0.4338
2009-05-28 00:00,0.1693
2009-06-07 00:00,0.9933
2009-06-17 00:00,0.3917
2009-06-27 00:00,0.2379
2009-07-07 00:00,0.9984
2009-07-17 00:00,0.3321
2009-07-27 00:00,0.3028
2009-08-06 00:00,0.9999
2009-08-16 00:00,0.2606
2009-08-26 00:00,0.3535
2009-09-05 00:00,0.9979
2009-09-15 00:00,0.1893
2009-09-25 00:00,0.3865
2009-10-05 00:00,0.9921
2009-10-15 00:00,0.1305
2009-10-25 00:00,0.4048
2009-11-04 00:00,0.9808
2009-11-14 00:00,0.089
2009-11-24 00:00,0.4162
2009-12-04 00:00,0.9606
2009-12-14 00:00,0.063
2009-12-24 00:00,0.43
2010-01-03 00:00,0.9293
2010-01-13 00:00,0.0479
2010-01-23 00:00,0.455
2010-02-02 00:00,0.8899
2010-02-12 00:00,0.0395
2010-02-22 00:00,0.4981
2010-03-04 00:00,0.8502
2010-03-14 00:00,0.0333
2010-03-24 00:00,0.5617
2010-04-03 00:00,0.8163
2010-04-13 00:00,0.0252
2010-04-23 00:00,0.6412
2010-05-03 00:00,0.789
2010-05-13 00:00,0.0141
2010-05-23 00:00,0.7236
2010-06-02 00:00,0.7653
2010-06-12 00:00,0.0033
2010-06-22 00:00,0.7947
2010-07-02 00:00,0.7408
2010-07-12 00:00,0.0005
2010-07-22 00:00,0.8465
2010-08-01 00:00,0.7118
2010-08-11 00:00,0.0128
2010-08-21 00:00,0.8796
2010-08-31 00:00,0.6743
2010-09-10 00:00,0.0392
2010-09-20 00:00,0.8995
2010-09-30 00:00,0.6247
2010-10-10 00:00,0.0702
2010-10-20 00:00,0.9126
2010-10-30 00:00,0.5606
2010-11-09 00:00,0.0962
2010-11-19 00:00,0.9241
2010-11-29 00:00,0.4851
2010-12-09 00:00,0.1139
2010-12-19 00:00,0.9373
2010-12-29 00:00,0.4085
2011-01-08 00:00,0.1254
2011-01-18 00:00,0.9536
2011-01-28 00:00,0.3432
2011-02-07 00:00,0.135
2011-02-17 00:00,0.9723
2011-02-27 00:00,0.295
2011-03-09 00:00,0.148
2011-03-19 00:00,0.9893
2011-03-29 00:00,0.2615
2011-04-08 00:00,0.1706
2011-04-18 00:00,0.9984
2011-04-28 00:00,0.2363
2011-05-08 00:00,0.2103
2011-05-18 00:00,0.9958
2011-05-28 00:00,0.2136
2011-06-07 00:00,0.2729
2011-06-17 00:00,0.9835
2011-06-27 00:00,0.1894
2011-07-07 00:00,0.3565
2011-07-17 00:00,0.967
2011-07-27 00:00,0.1612
2011-08-06 00:00,0.4482
2011-08-16 00:00,0.9512
2011-08-26 00:00,0.1276
2011-09-05 00:00,0.5304
2011-09-15 00:00,0.9381
2011-09-25 00:00,0.0898
2011-10-05 00:00,0.5916
2011-10-15 00:00,0.9258
2011-10-25 00:00,0.0527
2011-11-04 00:00,0.6305
2011-11-14 00:00,0.91
2011-11-24 00:00,0.0239
2011-12-04 00:00,0.6519
2011-12-14 00:00,0.8851
2011-12-24 00:00,0.0077
2012-01-03 00:00,0.6625
2012-01-13 00:00,0.8464
2012-01-23 00:00,0.0022
2012-02-02 00:00,0.6709
2012-02-12 00:00,0.7927
2012-02-22 00:00,0.0019
2012-03-03 00:00,0.6865
2012-03-13 00:00,0.7274
2012-03-23 00:00,0.0029
2012-04-02 00:00,0.7178
2012-04-12 00:00,0.659
2012-04-22 00:00,0.0047
2012-05-02 00:00,0.7678
2012-05-12 00:00,0.5966
2012-05-22 00:00,0.0093
2012-06-01 00:00,0.8307
2012-06-11 00:00,0.5461
2012-06-21 00:00,0.0192
2012-07-01 00:00,0.8924
2012-07-11 00:00,0.5086
2012-07-21 00:00,0.0376
2012-07-31 00:00,0.9397
2012-08-10 00:00,0.4813
2012-08-20 00:00,0.068
2012-08-30 00:00,0.9692
2012-09-09 00:00,0.4587
2012-09-19 00:00,0.1128
2012-09-29 00:00,0.9852
2012-10-09 00:00,0.4343
2012-10-19 00:00,0.1693
2012-10-29 00:00,0.9932
2012-11-08 00:00,0.4018
2012-11-18 00:00,0.2275
2012-11-28 00:00,0.9967
2012-12-08 00:00,0.3572
2012-12-18 00:00,0.2755
2012-12-28 00:00,0.9976
2013-01-07 00:00,0.3007
2013-01-17 00:00,0.3079
2013-01-27 00:00,0.9979
2013-02-06 00:00,0.2373
2013-02-16 00:00,0.3271
2013-02-26 00:00,0.9981
2013-03-08 00:00,0.1762
2013-03-18 00:00,0.341
2013-03-28 00:00,0.9948
2013-04-07 00:00,0.1254
2013-04-17 00:00,0.3579
2013-04-27 00:00,0.9807
2013-05-07 00:00,0.0884
2013-05-17 00:00,0.385
2013-05-27 00:00,0.9498
2013-06-06 00:00,0.0639
2013-06-16 00:00,0.4268
2013-06-26 00:00,0.9047
2013-07-06 00:00,0.0478
2013-07-16 00:00,0.4864
2013-07-26 00:00,0.8565
2013-08-05 00:00,0.0356
2013-08-15 00:00,0.5624
2013-08-25 00:00,0.816
2013-09-04 00:00,0.0242
2013-09-14 00:00,0.647
2013-09-24 00:00,0.7875
2013-10-04 00:00,0.0129
2013-10-14 00:00,0.7259
2013-10-24 00:00,0.7692
2013-11-03 00:00,0.0037
2013-11-13 00:00,0.7869
2013-11-23 00:00,0.7562
2013-12-03 00:00,0.0006
2013-12-13 00:00,0.8263
2013-12-23 00:00,0.7424
2014-01-02 00:00,0.0062
2014-01-12 00:00,0.8486
2014-01-22 00:00,0.7205
2014-02-01 00:00,0.0201
2014-02-11 00:00,0.8619
2014-02-21 00:00,0.6821
2014-03-03 00:00,0.0391
2014-03-13 00:00,0.8736
2014-03-23 00:00,0.6209
2014-04-02 00:00,0.0602
2014-04-12 00:00,0.8889
2014-04-22 00:00,0.5389
2014-05-02 00:00,0.0812
2014-05-12 00:00,0.9102
2014-05-22 00:00,0.4489
2014-06-01 00:00,0.1012
2014-06-11 00:00,0.9374
2014-06-21 00:00,0.3677
2014-07-01 00:00,0.1207
2014-07-11 00:00,0.9663
2014-07-21 00:00,0.3053
2014-07-31 00:00,0.1426
2014-08-10 00:00,0.9893
2014-08-20 00:00,0.2621
2014-08-30 00:00,0.1717
2014-09-09 00:00,0.9993
2014-09-19 00:00,0.2338
2014-09-29 00:00,0.2136
2014-10-09 00:00,0.9959
2014-10-19 00:00,0.2155
2014-10-29 00:00,0.2712
2014-11-08 00:00,0.9854
2014-11-18 00:00,0.202
2014-11-28 00:00,0.3413
2014-12-08 00:00,0.9749
2014-12-18 00:00,0.1872
2014-12-28 00:00,0.4144
2015-01-07 00:00,0.9678
2015-01-17 00:00,0.1642
2015-01-27 00:00,0.4794
2015-02-06 00:00,0.9628
2015-02-16 00:00,0.1293
2015-02-26 00:00,0.5308
2015-03-08 00:00,0.9558
2015-03-18 00:00,0.0864
2015-03-28 00:00,0.569
2015-04-07 00:00,0.9414
2015-04-17 00:00,0.0464
2015-04-27 00:00,0.5975
2015-05-07 00:00,0.9145
2015-05-17 00:00,0.0191
2015-05-27 00:00,0.6213
2015-06-06 00:00,0.8704
2015-06-16 00:00,0.0058
2015-06-26 00:00,0.6461
2015-07-06 00:00,0.8074
2015-07-16 00:00,0.0018
2015-07-26 00:00,0.6777
2015-08-05 00:00,0.7311
2015-08-15 00:00,0.0021
2015-08-25 00:00,0.7198
2015-09-04 00:00,0.6551
2015-09-14 00:00,0.0047
2015-09-24 00:00,0.7721
2015-10-04 00:00,0.5933
2015-10-14 00:00,0.0095
2015-10-24 00:00,0.8287
2015-11-03 00:00,0.5528
2015-11-13 00:00,0.0171
2015-11-23 00:00,0.8808
2015-12-03 00:00,0.5319
2015-12-13 00:00,0.0285
2015-12-23 00:00,0.9216
2016-01-02 00:00,0.5229
2016-01-12 00:00,0.0471
2016-01-22 00:00,0.9501
2016-02-01 00:00,0.5151
2016-02-11 00:00,0.0777
2016-02-21 00:00,0.9685
2016-03-02 00:00,0.498
2016-03-12 00:00,0.1227
2016-03-22 00:00,0.9796
2016-04-01 00:00,0.4639
2016-04-11 00:00,0.1771
2016-04-21 00:00,0.9863
2016-05-01 00:00,0.409
2016-05-11 00:00,0.2305
2016-05-21 00:00,0.9913
2016-05-31 00:00,0.3355
2016-06-10 00:00,0.2754
2016-06-20 00:00,0.996
2016-06-30 00:00,0.2536
2016-07-10 00:00,0.3098
2016-07-20 00:00,0.999
2016-07-30 00:00,0.1785
2016-08-09 00:00,0.3367
2016-08-19 00:00,0.9952
2016-08-29 00:00,0.122
2016-09-08 00:00,0.3604
2016-09-18 00:00,0.9789
2016-09-28 00:00,0.0864
2016-10-08 00:00,0.3854
2016-10-18 00:00,0.9487
2016-10-28 00:00,0.0671
2016-11-07 00:00,0.4169
2016-11-17 00:00,0.9118
2016-11-27 00:00,0.0572
2016-12-07 00:00,0.4608
2016-12-17 00:00,0.8784
2016-12-27 00:00,0.0502
2017-01-06 00:00,0.521
2017-01-16 00:00,0.8535
2017-01-26 00:00,0.042
2017-02-05 00:00,0.5947
2017-02-15 00:00,0.8358
2017-02-25 00:00,0.0306
2017-03-07 00:00,0.6706
2017-03-17 00:00,0.8211
2017-03-27 00:00,0.017
2017-04-06 00:00,0.7361
2017-04-16 00:00,0.8049
2017-04-26 00:00,0.0053
2017-05-06 00:00,0.7858
2017-05-16 00:00,0.7821
2017-05-26 00:00,0.0024
2017-06-05 00:00,0.8215
2017-06-15 00:00,0.7469
2017-06-25 00:00,0.013
2017-07-05 00:00,0.8483
2017-07-15 00:00,0.6933
2017-07-25 00:00,0.0351
2017-08-04 00:00,0.8704
2017-08-14 00:00,0.6193
2017-08-24 00:00,0.061
2017-09-03 00:00,0.8905
2017-09-13 00:00,0.532
2017-09-23 00:00,0.0834
2017-10-03 00:00,0.9108
2017-10-13 00:00,0.4466
2017-10-23 00:00,0.099
2017-11-02 00:00,0.9331
2017-11-12 00:00,0.3777
2017-11-22 00:00,0.1092
2017-12-02 00:00,0.9575
2017-12-12 00:00,0.3304
2017-12-22 00:00,0.1194
2018-01-01 00:00,0.9802
2018-01-11 00:00,0.3013
2018-01-21 00:00,0.1366
2018-01-31 00:00,0.9953
2018-02-10 00:00,0.2839
2018-02-20 00:00,0.1681
2018-03-02 00:00,0.9996
2018-03-12 00:00,0.271
2018-03-22 00:00,0.2188
2018-04-01 00:00,0.9957
2018-04-11 00:00,0.2552
2018-04-21 00:00,0.2887
2018-05-01 00:00,0.9885
2018-05-11 00:00,0.2295
2018-05-21 00:00,0.3706
2018-05-31 00:00,0.9805
2018-06-10 00:00,0.19
2018-06-20 00:00,0.4515
2018-06-30 00:00,0.9713
2018-07-10 00:00,0.1391
2018-07-20 00:00,0.5194
2018-07-30 00:00,0.9586
2018-08-09 00:00,0.0865
2018-08-19 00:00,0.5686
2018-08-29 00:00,0.9396
2018-09-08 00:00,0.0445
2018-09-18 00:00,0.5998
2018-09-28 00:00,0.9117
2018-10-08 00:00,0.0192
2018-10-18 00:00,0.618
2018-10-28 00:00,0.8724
2018-11-07 00:00,0.0072
2018-11-17 00:00,0.6308
2018-11-27 00:00,0.8209
2018-12-07 00:00,0.002
2018-12-17 00:00,0.6472
2018-12-27 00:00,0.7613
2019-01-06 00:00,0.0001
2019-01-16 00:00,0.6748
2019-01-26 00:00,0.7025
2019-02-05 00:00,0.0004
2019-02-15 00:00,0.7181
2019-02-25 00:00,0.6533
2019-03-07 00:00,0.0023
2019-03-17 00:00,0.7755
2019-03-27 00:00,0.6169
2019-04-06 00:00,0.0059
2019-04-16 00:00,0.8386
2019-04-26 00:00,0.59
2019-05-06 00:00,0.0136
2019-05-16 00:00,0.8954
2019-05-26 00:00,0.5665
2019-06-05 00:00,0.0317
2019-06-15 00:00,0.9377
2019-06-25 00:00,0.5403
2019-07-05 00:00,0.0672
2019-07-15 00:00,0.9643
2019-07-25 00:00,0.5067
2019-08-04 00:00,0.1205
2019-08-14 00:00,0.9788
2019-08-24 00:00,0.4622
2019-09-03 00:00,0.1807
2019-09-13 00:00,0.9862
2019-09-23 00:00,0.4054
2019-10-03 00:00,0.2329
2019-10-13 00:00,0.9909
2019-10-23 00:00,0.3379
2019-11-02 00:00,0.2686
2019-11-12 00:00,0.9954
2019-11-22 00:00,0.2669
2019-12-02 00:00,0.2887
2019-12-12 00:00,0.9992
2019-12-22 00:00,0.2033
2020-01-01 00:00,0.2996
2020-01-11 00:00,0.9994
2020-01-21 00:00,0.1552
2020-01-31 00:00,0.309
2020-02-10 00:00,0.9919
2020-02-20 00:00,0.1234
2020-03-01 00:00,0.3251
2020-03-11 00:00,0.9738
2020-03-21 00:00,0.1027
2020-03-31 00:00,0.3557
2020-04-10 00:00,0.9457
2020-04-20 00:00,0.0867
2020-04-30 00:00,0.4083
2020-05-10 00:00,0.912
2020-05-20 00:00,0.071
2020-05-30 00:00,0.4847
2020-06-09 00:00,0.8782
2020-06-19 00:00,0.0537
2020-06-29 00:00,0.5767
2020-07-09 00:00,0.8484
2020-07-19 00:00,0.0352
2020-07-29 00:00,0.6666
2020-08-08 00:00,0.8239
2020-08-18 00:00,0.0176
2020-08-28 00:00,0.7387
2020-09-07 00:00,0.8033
2020-09-17 00:00,0.005
2020-09-27 00:00,0.7879
2020-10-07 00:00,0.7824
2020-10-17 00:00,0.0019
2020-10-27 00:00,0.8179
2020-11-06 00:00,0.7549
2020-11-16 00:00,0.0095
2020-11-26 00:00,0.8351
2020-12-06 00:00,0.714
2020-12-16 00:00,0.0242
2020-12-26 00:00,0.8452
2021-01-05 00:00,0.6563
2021-01-15 00:00,0.0402
2021-01-25 00:00,0.8545
2021-02-04 00:00,0.5847
2021-02-14 00:00,0.0534
2021-02-24 00:00,0.8696
2021-03-06 00:00,0.5083
2021-03-16 00:00,0.0636
2021-03-26 00:00,0.8955
2021-04-05 00:00,0.4378
2021-04-15 00:00,0.0743
2021-04-25 00:00,0.931
2021-05-05 00:00,0.3796
2021-05-15 00:00,0.0903
2021-05-25 00:00,0.9669
2021-06-04 00:00,0.3351
2021-06-14 00:00,0.1171
2021-06-24 00:00,0.991
2021-07-04 00:00,0.3023
2021-07-14 00:00,0.1592
2021-07-24 00:00,0.9987
2021-08-03 00:00,0.2772
2021-08-13 00:00,0.2188
2021-08-23 00:00,0.9951
2021-09-02 00:00,0.2544
2021-09-12 00:00,0.2934
2021-09-22 00:00,0.9883
2021-10-02 00:00,0.2283
2021-10-12 00:00,0.3728
2021-10-22 00:00,0.9821
2021-11-01 00:00,0.1953
2021-11-11 00:00,0.4431
2021-11-21 00:00,0.9767
2021-12-01 00:00,0.1551
2021-12-11 00:00,0.4944
2021-12-21 00:00,0.9699
2021-12-31 00:00,0.1118
2022-01-10 00:00,0.5253
2022-01-20 00:00,0.9595
2022-01-30 00:00,0.072
2022-02-09 00:00,0.5417
2022-02-19 00:00,0.9423
2022-03-01 00:00,0.0409
2022-03-11 00:00,0.5532
2022-03-21 00:00,0.9125
2022-03-31 00:00,0.0198
2022-04-10 00:00,0.5696
2022-04-20 00:00,0.8645
2022-04-30 00:00,0.0077
2022-05-10 00:00,0.5983
2022-05-20 00:00,0.7994
2022-05-30 00:00,0.0022
2022-06-09 00:00,0.6431
2022-06-19 00:00,0.7282
2022-06-29 00:00,0.0011
2022-07-09 00:00,0.7038
2022-07-19 00:00,0.6653
2022-07-29 00:00,0.0025
2022-08-08 00:00,0.7741
2022-08-18 00:00,0.6187
2022-08-28 00:00,0.0059
2022-09-07 00:00,0.8428
2022-09-17 00:00,0.5882
2022-09-27 00:00,0.0137
2022-10-07 00:00,0.898
2022-10-17 00:00,0.5691
2022-10-27 00:00,0.0305
2022-11-06 00:00,0.9345
2022-11-16 00:00,0.5547
2022-11-26 00:00,0.0597
2022-12-06 00:00,0.9547
2022-12-16 00:00,0.5379
2022-12-26 00:00,0.0995
2023-01-05 00:00,0.9646
2023-01-15 00:00,0.5106
2023-01-25 00:00,0.142
2023-02-04 00:00,0.9705
2023-02-14 00:00,0.4652
2023-02-24 00:00,0.18
2023-03-06 00:00,0.9767
2023-03-16 00:00,0.3988
2023-03-26 00:00,0.2112
2023-04-05 00:00,0.985
2023-04-15 00:00,0.3186
2023-04-25 00:00,0.2371
2023-05-05 00:00,0.9938
2023-05-15 00:00,0.2403
2023-05-25 00:00,0.2607
2023-06-04 00:00,0.9989
2023-06-14 00:00,0.1773
2023-06-24 00:00,0.2853
2023-07-04 00:00,0.9942
2023-07-14 00:00,0.1332
2023-07-24 00:00,0.3154
2023-08-03 00:00,0.9753
2023-08-13 00:00,0.1042
2023-08-23 00:00,0.3564
2023-09-02 00:00,0.9445
2023-09-12 00:00,0.0847
2023-09-22 00:00,0.4129
2023-10-02 00:00,0.9105
2023-10-12 00:00,0.0706
2023-10-22 00:00,0.4848
2023-11-01 00:00,0.8822
2023-11-11 00:00,0.059
2023-11-21 00:00,0.5639
2023-12-01 00:00,0.8634
2023-12-11 00:00,0.047
2023-12-21 00:00,0.6373
2023-12-31 00:00,0.8529
2024-01-10 00:00,0.0322
2024-01-20 00:00,0.6956
2024-01-30 00:00,0.8449
2024-02-09 00:00,0.0156
2024-02-19 00:00,0.7378
2024-02-29 00:00,0.8318
2024-03-10 00:00,0.0027
2024-03-20 00:00,0.7677
2024-03-30 00:00,0.8054
2024-04-09 00:00,0.0009
2024-04-19 00:00,0.7901
2024-04-29 00:00,0.7594
2024-05-09 00:00,0.0112
2024-05-19 00:00,0.81
2024-05-29 00:00,0.6912
2024-06-08 00:00,0.0282
2024-06-18 00:00,0.8322
2024-06-28 00:00,0.6054
2024-07-08 00:00,0.0456
2024-07-18 00:00,0.8606
2024-07-28 00:00,0.5148
2024-08-07 00:00,0.0609
2024-08-17 00:00,0.896
2024-08-27 00:00,0.4349
2024-09-06 00:00,0.0751
2024-09-16 00:00,0.9343
2024-09-26 00:00,0.3757
2024-10-06 00:00,0.0913
2024-10-16 00:00,0.967
2024-10-26 00:00,0.3389
2024-11-05 00:00,0.113
2024-11-15 00:00,0.9876
2024-11-25 00:00,0.3202
2024-12-05 00:00,0.1437
2024-12-15 00:00,0.9963
2024-12-25 00:00,0.3114
2025-01-04 00:00,0.1872
2025-01-14 00:00,0.9984
2025-01-24 00:00,0.3025
2025-02-03 00:00,0.2452
2025-02-13 00:00,0.9977
2025-02-23 00:00,0.284
2025-03-05 00:00,0.3137
2025-03-15 00:00,0.9953
2025-03-25 00:00,0.25
2025-04-04 00:00,0.3824
2025-04-14 00:00,0.9906
2025-04-24 00:00,0.2001
2025-05-04 00:00,0.4412
2025-05-14 00:00,0.983
2025-05-24 00:00,0.1411
2025-06-03 00:00,0.4861
2025-06-13 00:00,0.9706
2025-06-23 00:00,0.0853
2025-07-03 00:00,0.5193
2025-07-13 00:00,0.9495
2025-07-23 00:00,0.0435
2025-08-02 00:00,0.546
2025-08-12 00:00,0.9136
2025-08-22 00:00,0.0185
2025-09-01 00:00,0.5714
2025-09-11 00:00,0.8603
2025-09-21 00:00,0.0069
2025-10-01 00:00,0.6001
2025-10-11 00:00,0.7961
2025-10-21 00:00,0.0031
2025-10-31 00:00,0.6362
2025-11-10 00:00,0.7354
2025-11-20 00:00,0.0024
2025-11-30 00:00,0.6829
2025-12-10 00:00,0.6901
2025-12-20 00:00,0.0018
2025-12-30 00:00,0.7402
2026-01-09 00:00,0.662
2026-01-19 00:00,0.0011
2026-01-29 00:00,0.8022
2026-02-08 00:00,0.6454
2026-02-18 00:00,0.0029
2026-02-28 00:00,0.8581
2026-03-10 00:00,0.6323
2026-03-20 00:00,0.0122
2026-03-30 00:00,0.9005
2026-04-09 00:00,0.6154
2026-04-19 00:00,0.0347
2026-04-29 00:00,0.929
2026-05-09 00:00,0.5883
2026-05-19 00:00,0.0724
2026-05-29 00:00,0.9481
2026-06-08 00:00,0.5446
2026-06-18 00:00,0.1203
2026-06-28 00:00,0.9626
2026-07-08 00:00,0.4806
2026-07-18 00:00,0.1689
2026-07-28 00:00,0.9749
2026-08-07 00:00,0.3991
2026-08-17 00:00,0.2099
2026-08-27 00:00,0.9857
2026-09-06 00:00,0.3125
2026-09-16 00:00,0.2397
2026-09-26 00:00,0.9939
2026-10-06 00:00,0.2374
2026-10-16 00:00,0.259
2026-10-26 00:00,0.9981
2026-11-05 00:00,0.1835
2026-11-15 00:00,0.2723
2026-11-25 00:00,0.9961
2026-12-05 00:00,0.1497
2026-12-15 00:00,0.2873
2026-12-25 00:00,0.9858
2027-01-04 00:00,0.1296
2027-01-14 00:00,0.3132
2027-01-24 00:00,0.9674
2027-02-03 00:00,0.117
2027-02-13 00:00,0.358
2027-02-23 00:00,0.9442
2027-03-05 00:00,0.1066
2027-03-15 00:00,0.4242
2027-03-25 00:00,0.9211
2027-04-04 00:00,0.0936
2027-04-14 00:00,0.5063
2027-04-24 00:00,0.9009
2027-05-04 00:00,0.0739
2027-05-14 00:00,0.5915
2027-05-24 00:00,0.883
2027-06-03 00:00,0.0473
2027-06-13 00:00,0.6669
2027-06-23 00:00,0.864
2027-07-03 00:00,0.0201
2027-07-13 00:00,0.7252
2027-07-23 00:00,0.8391
2027-08-02 00:00,0.0028
2027-08-12 00:00,0.7659
2027-08-22 00:00,0.8038
2027-09-01 00:00,0.0016
2027-09-11 00:00,0.7921
2027-09-21 00:00,0.7547
2027-10-01 00:00,0.0126
2027-10-11 00:00,0.809
2027-10-21 00:00,0.6915
2027-10-31 00:00,0.0263
2027-11-10 00:00,0.823
2027-11-20 00:00,0.6182
2027-11-30 00:00,0.0365
2027-12-10 00:00,0.8408
2027-12-20 00:00,0.5443
2027-12-30 00:00,0.0432
2028-01-09 00:00,0.8667
2028-01-19 00:00,0.4806
2028-01-29 00:00,0.0497
2028-02-08 00:00,0.9007
2028-02-18 00:00,0.433
2028-02-28 00:00,0.0599
2028-03-09 00:00,0.9374
2028-03-19 00:00,0.4007
2028-03-29 00:00,0.0775
2028-04-08 00:00,0.9687
2028-04-18 00:00,0.3776
2028-04-28 00:00,0.1075
2028-05-08 00:00,0.9892
2028-05-18 00:00,0.3562
2028-05-28 00:00,0.1561
2028-06-07 00:00,0.9984
2028-06-17 00:00,0.3301
2028-06-27 00:00,0.2257
2028-07-07 00:00,0.9994
2028-07-17 00:00,0.2951
2028-07-27 00:00,0.3078
2028-08-06 00:00,0.9955
2028-08-16 00:00,0.25
2028-08-26 00:00,0.3854
2028-09-05 00:00,0.9894
2028-09-15 00:00,0.1969
2028-09-25 00:00,0.4445
2028-10-05 00:00,0.9824
2028-10-15 00:00,0.1416
2028-10-25 00:00,0.4813
2028-11-04 00:00,0.9735
2028-11-14 00:00,0.0922
2028-11-24 00:00,0.5004
2028-12-04 00:00,0.9593
2028-12-14 00:00,0.0555
2028-12-24 00:00,0.5102
2029-01-03 00:00,0.9344
2029-01-13 00:00,0.0326
2029-01-23 00:00,0.5197
2029-02-02 00:00,0.8954
2029-02-12 00:00,0.0206
2029-02-22 00:00,0.5377
2029-03-04 00:00,0.845
2029-03-14 00:00,0.0142
2029-03-24 00:00,0.5722
2029-04-03 00:00,0.791
2029-04-13 00:00,0.0092
2029-04-23 00:00,0.6284
2029-05-03 00:00,0.7413
2029-05-13 00:00,0.0042
2029-05-23 00:00,0.7035
2029-06-02 00:00,0.6996
2029-06-12 00:00,0.0004
2029-06-22 00:00,0.7841
2029-07-02 00:00,0.6661
2029-07-12 00:00,0.0016
2029-07-22 00:00,0.853
2029-08-01 00:00,0.6389
2029-08-11 00:00,0.0127
2029-08-21 00:00,0.9011
2029-08-31 00:00,0.6144
2029-09-10 00:00,0.0372
2029-09-20 00:00,0.9302
2029-09-30 00:00,0.5873
2029-10-10 00:00,0.0735
2029-10-20 00:00,0.9471
2029-10-30 00:00,0.5512
2029-11-09 00:00,0.1139
2029-11-19 00:00,0.9574
2029-11-29 00:00,0.5004
2029-12-09 00:00,0.1494
2029-12-19 00:00,0.9647
2029-12-29 00:00,0.4346
2030-01-08 00:00,0.1753
2030-01-18 00:00,0.9713
2030-01-28 00:00,0.3611
2030-02-07 00:00,0.192
2030-02-17 00:00,0.9798
2030-02-27 00:00,0.2915
2030-03-09 00:00,0.2042
2030-03-19 00:00,0.9904
2030-03-29 00:00,0.2339
2030-04-08 00:00,0.2185
2030-04-18 00:00,0.9985
2030-04-28 00:00,0.1897
2030-05-08 00:00,0.2426
2030-05-18 00:00,0.9956
2030-05-28 00:00,0.1571
2030-06-07 00:00,0.2829
2030-06-17 00:00,0.9775
2030-06-27 00:00,0.1326
2030-07-07 00:00,0.3433
2030-07-17 00:00,0.9495
2030-07-27 00:00,0.1128
2030-08-06 00:00,0.4224
2030-08-16 00:00,0.9212
2030-08-26 00:00,0.0937
2030-09-05 00:00,0.5111
2030-09-15 00:00,0.8995
2030-09-25 00:00,0.0724
2030-10-05 00:00,0.595
2030-10-15 00:00,0.8847
2030-10-25 00:00,0.0482
2030-11-04 00:00,0.6617
2030-11-14 00:00,0.873
2030-11-24 00:00,0.0249
2030-12-04 00:00,0.7065
2030-12-14 00:00,0.859
2030-12-24 00:00,0.0084
2031-01-03 00:00,0.732
2031-01-13 00:00,0.837
2031-01-23 00:00,0.0018
2031-02-02 00:00,0.7452
2031-02-12 00:00,0.8017
2031-02-22 00:00,0.0035
2031-03-04 00:00,0.7554
2031-03-14 00:00,0.7478
2031-03-24 00:00,0.0094
2031-04-03 00:00,0.7713
2031-04-13 00:00,0.6748
2031-04-23 00:00,0.0173
2031-05-03 00:00,0.7988
2031-05-13 00:00,0.5912
2031-05-23 00:00,0.0271
2031-06-02 00:00,0.8392
2031-06-12 00:00,0.5119
2031-06-22 00:00,0.0395
2031-07-02 00:00,0.8877
2031-07-12 00:00,0.4487
2031-07-22 00:00,0.0555
2031-08-01 00:00,0.9346
2031-08-11 00:00,0.4046
2031-08-21 00:00,0.0775
2031-08-31 00:00,0.9702
2031-09-10 00:00,0.3761
2031-09-20 00:00,0.1096
2031-09-30 00:00,0.9906
2031-10-10 00:00,0.3569
2031-10-20 00:00,0.1562
2031-10-30 00:00,0.9987
2031-11-09 00:00,0.3405
2031-11-19 00:00,0.2167
2031-11-29 00:00,0.9998
2031-12-09 00:00,0.3206
2031-12-19 00:00,0.2822
2031-12-29 00:00,0.9981
2032-01-08 00:00,0.2912
2032-01-18 00:00,0.3404
2032-01-28 00:00,0.9962
2032-02-07 00:00,0.2474
2032-02-17 00:00,0.3844
2032-02-27 00:00,0.9944
2032-03-08 00:00,0.1905
2032-03-18 00:00,0.4158
2032-03-28 00:00,0.9904
2032-04-07 00:00,0.1304
2032-04-17 00:00,0.4401
2032-04-27 00:00,0.9788
2032-05-07 00:00,0.0801
2032-05-17 00:00,0.4629
2032-05-27 00:00,0.953
2032-06-06 00:00,0.0462
2032-06-16 00:00,0.4893
2032-06-26 00:00,0.9091
2032-07-06 00:00,0.0266
2032-07-16 00:00,0.524
2032-07-26 00:00,0.8509
2032-08-05 00:00,0.0155
2032-08-15 00:00,0.5714
2032-08-25 00:00,0.7899
2032-09-04 00:00,0.0083
2032-09-14 00:00,0.6334
2032-09-24 00:00,0.7386
2032-10-04 00:00,0.0033
2032-10-14 00:00,0.7053
2032-10-24 00:00,0.703
2032-11-03 00:00,0.0006
2032-11-13 00:00,0.7755
2032-11-23 00:00,0.6828
2032-12-03 00:00,0.0012
2032-12-13 00:00,0.8324
2032-12-23 00:00,0.6727
2033-01-02 00:00,0.0063
2033-01-12 00:00,0.8721
2033-01-22 00:00,0.6644
2033-02-01 00:00,0.0188
2033-02-11 00:00,0.8984
2033-02-21 00:00,0.6476
2033-03-03 00:00,0.0416
2033-03-13 00:00,0.9166
2033-03-23 00:00,0.6129
2033-04-02 00:00,0.0742
2033-04-12 00:00,0.9308
2033-04-22 00:00,0.5548
2033-05-02 00:00,0.1113
2033-05-12 00:00,0.9439
2033-05-22 00:00,0.475
2033-06-01 00:00,0.1459
2033-06-11 00:00,0.9582
2033-06-21 00:00,0.3847
2033-07-01 00:00,0.1744
2033-07-11 00:00,0.9746
2033-07-21 00:00,0.2999
2033-07-31 00:00,0.1975
2033-08-10 00:00,0.9905
2033-08-20 00:00,0.2326
2033-08-30 00:00,0.2192
2033-09-09 00:00,0.9994
2033-09-19 00:00,0.1862
2033-09-29 00:00,0.2447
2033-10-09 00:00,0.9954
2033-10-19 00:00,0.1581
2033-10-29 00:00,0.2792
2033-11-08 00:00,0.9795
2033-11-18 00:00,0.1432
2033-11-28 00:00,0.3263
2033-12-08 00:00,0.9597
2033-12-18 00:00,0.1346
2033-12-28 00:00,0.3879
2034-01-07 00:00,0.9435
2034-01-17 00:00,0.1248
2034-01-27 00:00,0.4607
2034-02-06 00:00,0.9323
2034-02-16 00:00,0.1076
2034-02-26 00:00,0.5361
2034-03-08 00:00,0.9228
2034-03-18 00:00,0.0808
2034-03-28 00:00,0.6032
2034-04-07 00:00,0.9105
2034-04-17 00:00,0.0488
2034-04-27 00:00,0.6557
2034-05-07 00:00,0.8914
2034-05-17 00:00,0.0206
2034-05-27 00:00,0.6938
2034-06-06 00:00,0.8616
2034-06-16 00:00,0.0047
2034-06-26 00:00,0.7221
2034-07-06 00:00,0.8159
2034-07-16 00:00,0.0022
2034-07-26 00:00,0.7466
2034-08-05 00:00,0.7507
2034-08-15 00:00,0.0085
2034-08-25 00:00,0.7721
2034-09-04 00:00,0.6696
2034-09-14 00:00,0.0179
2034-09-24 00:00,0.8016
2034-10-04 00:00,0.5861
2034-10-14 00:00,0.0273
2034-10-24 00:00,0.8362
2034-11-03 00:00,0.5169
2034-11-13 00:00,0.0356
2034-11-23 00:00,0.8752
2034-12-03 00:00,0.4704
2034-12-13 00:00,0.0437
2034-12-23 00:00,0.9153
2035-01-02 00:00,0.4444
2035-01-12 00:00,0.0551
2035-01-22 00:00,0.9506
2035-02-01 00:00,0.4304
2035-02-11 00:00,0.0761
2035-02-21 00:00,0.9759
2035-03-03 00:00,0.4191
2035-03-13 00:00,0.1133
2035-03-23 00:00,0.9901
2035-04-02 00:00,0.4023
2035-04-12 00:00,0.1693
2035-04-22 00:00,0.9961
2035-05-02 00:00,0.3733
2035-05-12 00:00,0.238
2035-05-22 00:00,0.9979
2035-06-01 00:00,0.3276
2035-06-11 00:00,0.3074
2035-06-21 00:00,0.9981
2035-07-01 00:00,0.2647
2035-07-11 00:00,0.3668
2035-07-21 00:00,0.9966
2035-07-31 00:00,0.1927
2035-08-10 00:00,0.4117
2035-08-20 00:00,0.9908
2035-08-30 00:00,0.1264
2035-09-09 00:00,0.4425
2035-09-19 00:00,0.9769
2035-09-29 00:00,0.0779
2035-10-09 00:00,0.4627
2035-10-19 00:00,0.9519
2035-10-29 00:00,0.0491
2035-11-08 00:00,0.4781
2035-11-18 00:00,0.9156
2035-11-28 00:00,0.0336
2035-12-08 00:00,0.4968
2035-12-18 00:00,0.8722
2035-12-28 00:00,0.0249
2036-01-07 00:00,0.5283
2036-01-17 00:00,0.8287
2036-01-27 00:00,0.0188
2036-02-06 00:00,0.5787
2036-02-16 00:00,0.7909
2036-02-26 00:00,0.0137
2036-03-07 00:00,0.647
2036-03-17 00:00,0.7611
2036-03-27 00:00,0.0086
2036-04-06 00:00,0.7229
2036-04-16 00:00,0.738
2036-04-26 00:00,0.0036
2036-05-06 00:00,0.7928
2036-05-16 00:00,0.7174
2036-05-26 00:00,0.0023
2036-06-05 00:00,0.8481
2036-06-15 00:00,0.6935
2036-06-25 00:00,0.0119
2036-07-05 00:00,0.8878
2036-07-15 00:00,0.6602
2036-07-25 00:00,0.0376
2036-08-04 00:00,0.9145
2036-08-14 00:00,0.6126
2036-08-24 00:00,0.0757
2036-09-03 00:00,0.9319
2036-09-13 00:00,0.5493
2036-09-23 00:00,0.1144
2036-10-03 00:00,0.9439
2036-10-13 00:00,0.4737
2036-10-23 00:00,0.1435
2036-11-02 00:00,0.9547
2036-11-12 00:00,0.3949
2036-11-22 00:00,0.1606
2036-12-02 00:00,0.9674
2036-12-12 00:00,0.3241
2036-12-22 00:00,0.1701
2037-01-01 00:00,0.9822
2037-01-11 00:00,0.2692
2037-01-21 00:00,0.1793
2037-01-31 00:00,0.9948
2037-02-10 00:00,0.2313
2037-02-20 00:00,0.1958
2037-03-02 00:00,0.9994
2037-03-12 00:00,0.2068
2037-03-22 00:00,0.2257
2037-04-01 00:00,0.9931
2037-04-11 00:00,0.1892
2037-04-21 00:00,0.2748
2037-05-01 00:00,0.9788
2037-05-11 00:00,0.1714
2037-05-21 00:00,0.3463
2037-05-31 00:00,0.9613
2037-06-10 00:00,0.1482
2037-06-20 00:00,0.4353
2037-06-30 00:00,0.9436
2037-07-10 00:00,0.1177
2037-07-20 00:00,0.5271
2037-07-30 00:00,0.9264
2037-08-09 00:00,0.082
2037-08-19 00:00,0.6047
2037-08-29 00:00,0.9089
2037-09-08 00:00,0.0473
2037-09-18 00:00,0.6591
2037-09-28 00:00,0.8896
2037-10-08 00:00,0.0205
2037-10-18 00:00,0.6915
2037-10-28 00:00,0.865
2037-11-07 00:00,0.0055
2037-11-17 00:00,0.7087
2037-11-27 00:00,0.8298
2037-12-07 00:00,0.0007
2037-12-17 00:00,0.7189
2037-12-27 00:00,0.7793
2038-01-06 00:00,0.0021
2038-01-16 00:00,0.7301
2038-01-26 00:00,0.7145
2038-02-05 00:00,0.0064
2038-02-15 00:00,0.7494
2038-02-25 00:00,0.6443
2038-03-07 00:00,0.0116
2038-03-17 00:00,0.7826
2038-03-27 00:00,0.5801
2038-04-06 00:00,0.017
2038-04-16 00:00,0.8309
2038-04-26 00:00,0.5281
2038-05-06 00:00,0.0247
2038-05-16 00:00,0.8873
2038-05-26 00:00,0.4879
2038-06-05 00:00,0.0391
2038-06-15 00:00,0.938
2038-06-25 00:00,0.4561
2038-07-05 00:00,0.0665
2038-07-15 00:00,0.9723
2038-07-25 00:00,0.429
2038-08-04 00:00,0.1117
2038-08-14 00:00,0.9894
2038-08-24 00:00,0.4024
2038-09-03 00:00,0.1734
2038-09-13 00:00,0.9957
2038-09-23 00:00,0.3715
2038-10-03 00:00,0.2415
2038-10-13 00:00,0.9979
2038-10-23 00:00,0.3313
2038-11-02 00:00,0.3021
2038-11-12 00:00,0.9991
2038-11-22 00:00,0.2795
2038-12-02 00:00,0.3464
2038-12-12 00:00,0.9993
2038-12-22 00:00,0.2198
2039-01-01 00:00,0.3736
2039-01-11 00:00,0.997
2039-01-21 00:00,0.1619
2039-01-31 00:00,0.3886
2039-02-10 00:00,0.9901
2039-02-20 00:00,0.1146
2039-03-02 00:00,0.399
2039-03-12 00:00,0.9753
2039-03-22 00:00,0.0804
2039-04-01 00:00,0.414
2039-04-11 00:00,0.9482
2039-04-21 00:00,0.0564
2039-05-01 00:00,0.4424
2039-05-11 00:00,0.9064
2039-05-21 00:00,0.0393
2039-05-31 00:00,0.4907
2039-06-10 00:00,0.8551
2039-06-20 00:00,0.0267
2039-06-30 00:00,0.5598
2039-07-10 00:00,0.8048
2039-07-20 00:00,0.0171
2039-07-30 00:00,0.643
2039-08-09 00:00,0.7644
2039-08-19 00:00,0.0094
2039-08-29 00:00,0.7264
2039-09-08 00:00,0.7365
2039-09-18 00:00,0.0034
2039-09-28 00:00,0.7961
2039-10-08 00:00,0.7182
2039-10-18 00:00,0.0016
2039-10-28 00:00,0.8458
2039-11-07 00:00,0.703
2039-11-17 00:00,0.0087
2039-11-27 00:00,0.8769
2039-12-07 00:00,0.6833
2039-12-17 00:00,0.0268
2039-12-27 00:00,0.8939
2040-01-06 00:00,0.6519
2040-01-16 00:00,0.0523
2040-01-26 00:00,0.9031
2040-02-05 00:00,0.6034
2040-02-15 00:00,0.078
2040-02-25 00:00,0.9111
2040-03-06 00:00,0.5358
2040-03-16 00:00,0.0995
2040-03-26 00:00,0.9239
2040-04-05 00:00,0.454
2040-04-15 00:00,0.1174
2040-04-25 00:00,0.9442
2040-05-05 00:00,0.371
2040-05-15 00:00,0.1353
2040-05-25 00:00,0.969
2040-06-04 00:00,0.2999
2040-06-14 00:00,0.1568
2040-06-24 00:00,0.99
2040-07-04 00:00,0.2474
2040-07-14 00:00,0.1853
2040-07-24 00:00,0.9985
2040-08-03 00:00,0.2121
2040-08-13 00:00,0.2246
2040-08-23 00:00,0.9925
2040-09-02 00:00,0.1886
2040-09-12 00:00,0.2785
2040-09-22 00:00,0.9782
2040-10-02 00:00,0.1706
2040-10-12 00:00,0.3484
2040-10-22 00:00,0.9632
2040-11-01 00:00,0.1532
2040-11-11 00:00,0.4279
2040-11-21 00:00,0.9512
2040-12-01 00:00,0.1328
2040-12-11 00:00,0.5036
2040-12-21 00:00,0.9423
2040-12-31 00:00,0.1071
2041-01-10 00:00,0.5633
2041-01-20 00:00,0.9346
2041-01-30 00:00,0.0759
2041-02-09 00:00,0.6039
2041-02-19 00:00,0.9243
2041-03-01 00:00,0.0435
2041-03-11 00:00,0.6307
2041-03-21 00:00,0.9054
2041-03-31 00:00,0.0174
2041-04-10 00:00,0.6512
2041-04-20 00:00,0.8706
2041-04-30 00:00,0.0032
2041-05-10 00:00,0.6722
2041-05-20 00:00,0.8141
2041-05-30 00:00,0.0004
2041-06-09 00:00,0.6985
2041-06-19 00:00,0.7381
2041-06-29 00:00,0.0043
2041-07-09 00:00,0.7337
2041-07-19 00:00,0.655
2041-07-29 00:00,0.0104
2041-08-08 00:00,0.7799
2041-08-18 00:00,0.5807
2041-08-28 00:00,0.0168
2041-09-07 00:00,0.8347
2041-09-17 00:00,0.525
2041-09-27 00:00,0.0248
2041-10-07 00:00,0.8899
2041-10-17 00:00,0.4894
2041-10-27 00:00,0.0376
2041-11-06 00:00,0.9345
2041-11-16 00:00,0.4701
2041-11-26 00:00,0.0591
2041-12-06 00:00,0.9631
2041-12-16 00:00,0.4604
2041-12-26 00:00,0.0921
2042-01-05 00:00,0.9785
2042-01-15 00:00,0.4512
2042-01-25 00:00,0.1365
2042-02-04 00:00,0.9868
2042-02-14 00:00,0.4319
2042-02-24 00:00,0.1891
2042-03-06 00:00,0.9924
2042-03-16 00:00,0.3937
2042-03-26 00:00,0.243
2042-04-05 00:00,0.9967
2042-04-15 00:00,0.3338
2042-04-25 00:00,0.2917
2042-05-05 00:00,0.9991
2042-05-15 00:00,0.2589
2042-05-25 00:00,0.3313
2042-06-04 00:00,0.9987
2042-06-14 00:00,0.1842
2042-06-24 00:00,0.3621
2042-07-04 00:00,0.9929
2042-07-14 00:00,0.1232
2042-07-24 00:00,0.3876
2042-08-03 00:00,0.9771
2042-08-13 00:00,0.0807
2042-08-23 00:00,0.4134
2042-09-02 00:00,0.9469
2042-09-12 00:00,0.0541
2042-09-22 00:00,0.4455
2042-10-02 00:00,0.9039
2042-10-12 00:00,0.0388
2042-10-22 00:00,0.4886
2042-11-01 00:00,0.8581
2042-11-11 00:00,0.0307
2042-11-21 00:00,0.5447
2042-12-01 00:00,0.821
2042-12-11 00:00,0.0257
2042-12-21 00:00,0.6115
2042-12-31 00:00,0.7975
2043-01-10 00:00,0.0197
2043-01-20 00:00,0.682
2043-01-30 00:00,0.7844
2043-02-09 00:00,0.0111
2043-02-19 00:00,0.747
2043-03-01 00:00,0.774
2043-03-11 00:00,0.0024
2043-03-21 00:00,0.7995
2043-03-31 00:00,0.7584
2043-04-10 00:00,0.0008
2043-04-20 00:00,0.8376
2043-04-30 00:00,0.7313
2043-05-10 00:00,0.0128
2043-05-20 00:00,0.8642
2043-05-30 00:00,0.6877
2043-06-09 00:00,0.0378
2043-06-19 00:00,0.8845
2043-06-29 00:00,0.6239
2043-07-09 00:00,0.0682
2043-07-19 00:00,0.9033
2043-07-29 00:00,0.5411
2043-08-08 00:00,0.0962
2043-08-18 00:00,0.9239
2043-08-28 00:00,0.4493
2043-09-07 00:00,0.1187
2043-09-17 00:00,0.9466
2043-09-27 00:00,0.3653
2043-10-07 00:00,0.136
2043-10-17 00:00,0.9688
2043-10-27 00:00,0.3023
2043-11-06 00:00,0.1508
2043-11-16 00:00,0.9864
2043-11-26 00:00,0.2633
2043-12-06 00:00,0.1672
2043-12-16 00:00,0.9964
2043-12-26 00:00,0.2424
2044-01-05 00:00,0.1915
2044-01-15 00:00,0.998
2044-01-25 00:00,0.2307
2044-02-04 00:00,0.2315
2044-02-14 00:00,0.9931
2044-02-24 00:00,0.2199
2044-03-05 00:00,0.292
2044-03-15 00:00,0.9842
2044-03-25 00:00,0.2032
2044-04-04 00:00,0.3698
2044-04-14 00:00,0.9733
2044-04-24 00:00,0.1761
2044-05-04 00:00,0.4523
2044-05-14 00:00,0.9618
2044-05-24 00:00,0.137
2044-06-03 00:00,0.5257
2044-06-13 00:00,0.9492
2044-06-23 00:00,0.0902
2044-07-03 00:00,0.5829
2044-07-13 00:00,0.9325
2044-07-23 00:00,0.0461
2044-08-02 00:00,0.6241
2044-08-12 00:00,0.9067
2044-08-22 00:00,0.0159
2044-09-01 00:00,0.6528
2044-09-11 00:00,0.8667
2044-09-21 00:00,0.0028
2044-10-01 00:00,0.6734
2044-10-11 00:00,0.8109
2044-10-21 00:00,0.0011
2044-10-31 00:00,0.691
2044-11-10 00:00,0.7445
2044-11-20 00:00,0.0033
2044-11-30 00:00,0.7127
2044-12-10 00:00,0.6785
2044-12-20 00:00,0.005
2044-12-30 00:00,0.7452
2045-01-09 00:00,0.623
2045-01-19 00:00,0.0063
2045-01-29 00:00,0.7915
2045-02-08 00:00,0.582
2045-02-18 00:00,0.0094
2045-02-28 00:00,0.8465
2045-03-10 00:00,0.5535
2045-03-20 00:00,0.0178
2045-03-30 00:00,0.8987
2045-04-09 00:00,0.5325
2045-04-19 00:00,0.0353
2045-04-29 00:00,0.9389
2045-05-09 00:00,0.5126
2045-05-19 00:00,0.0669
2045-05-29 00:00,0.9656
2045-06-08 00:00,0.4868
2045-06-18 00:00,0.1159
2045-06-28 00:00,0.9822
2045-07-08 00:00,0.4488
2045-07-18 00:00,0.1786
2045-07-28 00:00,0.9919
2045-08-07 00:00,0.3955
2045-08-17 00:00,0.2429
2045-08-27 00:00,0.9969
2045-09-06 00:00,0.3287
2045-09-16 00:00,0.2955
2045-09-26 00:00,0.9986
2045-10-06 00:00,0.2566
2045-10-16 00:00,0.3301
2045-10-26 00:00,0.9981
2045-11-05 00:00,0.1906
2045-11-15 00:00,0.3482
2045-11-25 00:00,0.9952
2045-12-05 00:00,0.139
2045-12-15 00:00,0.3574
2045-12-25 00:00,0.9869
2046-01-04 00:00,0.1032
2046-01-14 00:00,0.3675
2046-01-24 00:00,0.9685
2046-02-03 00:00,0.0805
2046-02-13 00:00,0.3879
2046-02-23 00:00,0.9384
2046-03-05 00:00,0.0666
2046-03-15 00:00,0.4259
2046-03-25 00:00,0.9013
2046-04-04 00:00,0.0565
2046-04-14 00:00,0.4858
2046-04-24 00:00,0.8648
2046-05-04 00:00,0.0456
2046-05-14 00:00,0.5657
2046-05-24 00:00,0.8334
2046-06-03 00:00,0.0312
2046-06-13 00:00,0.6548
2046-06-23 00:00,0.8069
2046-07-03 00:00,0.015
2046-07-13 00:00,0.7367
2046-07-23 00:00,0.7829
2046-08-02 00:00,0.0026
2046-08-12 00:00,0.7993
2046-08-22 00:00,0.7579
2046-09-01 00:00,0.0016
2046-09-11 00:00,0.84
2046-09-21 00:00,0.7284
2046-10-01 00:00,0.0145
2046-10-11 00:00,0.8636
2046-10-21 00:00,0.6901
2046-10-31 00:00,0.0358
2046-11-10 00:00,0.8771
2046-11-20 00:00,0.638
2046-11-30 00:00,0.0571
2046-12-10 00:00,0.8873
2046-12-20 00:00,0.5708
2046-12-30 00:00,0.0737
2047-01-09 00:00,0.8992
2047-01-19 00:00,0.4943
2047-01-29 00:00,0.086
2047-02-08 00:00,0.9162
2047-02-18 00:00,0.4211
2047-02-28 00:00,0.0966
2047-03-10 00:00,0.9397
2047-03-20 00:00,0.3612
2047-03-30 00:00,0.109
2047-04-09 00:00,0.9667
2047-04-19 00:00,0.3165
2047-04-29 00:00,0.1282
2047-05-09 00:00,0.9892
2047-05-19 00:00,0.2832
2047-05-29 00:00,0.1609
2047-06-08 00:00,0.9994
2047-06-18 00:00,0.256
2047-06-28 00:00,0.2134
2047-07-08 00:00,0.996
2047-07-18 00:00,0.2309
2047-07-28 00:00,0.2873
2047-08-07 00:00,0.9845
2047-08-17 00:00,0.2045
2047-08-27 00:00,0.374
2047-09-06 00:00,0.9718
2047-09-16 00:00,0.1741
2047-09-26 00:00,0.4571
2047-10-06 00:00,0.9615
2047-10-16 00:00,0.1379
2047-10-26 00:00,0.5226
2047-11-05 00:00,0.9535
2047-11-15 00:00,0.0975
2047-11-25 00:00,0.566
2047-12-05 00:00,0.944
2047-12-15 00:00,0.0592
2047-12-25 00:00,0.5907
2048-01-04 00:00,0.9279
2048-01-14 00:00,0.0304
2048-01-24 00:00,0.6035
2048-02-03 00:00,0.9
2048-02-13 00:00,0.0136
2048-02-23 00:00,0.6129
2048-03-04 00:00,0.8567
2048-03-14 00:00,0.0058
2048-03-24 00:00,0.6282
2048-04-03 00:00,0.7977
2048-04-13 00:00,0.0022
2048-04-23 00:00,0.6581
2048-05-03 00:00,0.7289
2048-05-13 00:00,0.0008
2048-05-23 00:00,0.707
2048-06-02 00:00,0.6607
2048-06-12 00:00,0.002
2048-06-22 00:00,0.7718
2048-07-02 00:00,0.603
2048-07-12 00:00,0.0071
2048-07-22 00:00,0.8409
2048-08-01 00:00,0.5604
2048-08-11 00:00,0.0181
2048-08-21 00:00,0.8998
2048-08-31 00:00,0.5318
2048-09-10 00:00,0.0373
2048-09-20 00:00,0.9408
2048-09-30 00:00,0.5122
2048-10-10 00:00,0.0678
2048-10-20 00:00,0.9654
2048-10-30 00:00,0.4943
2048-11-09 00:00,0.1105
2048-11-19 00:00,0.9789
2048-11-29 00:00,0.4702
2048-12-09 00:00,0.1603
2048-12-19 00:00,0.9856
2048-12-29 00:00,0.4334
2049-01-08 00:00,0.2074
2049-01-18 00:00,0.9887
2049-01-28 00:00,0.3805
2049-02-07 00:00,0.244
2049-02-17 00:00,0.9913
2049-02-27 00:00,0.3138
2049-03-09 00:00,0.2694
2049-03-19 00:00,0.9953
2049-03-29 00:00,0.242
2049-04-08 00:00,0.2886
2049-04-18 00:00,0.9991
2049-04-28 00:00,0.1772
2049-05-08 00:00,0.3082
2049-05-18 00:00,0.9961
2049-05-28 00:00,0.1271
2049-06-07 00:00,0.3343
2049-06-17 00:00,0.9783
2049-06-27 00:00,0.0932
2049-07-07 00:00,0.3713
2049-07-17 00:00,0.9438
2049-07-27 00:00,0.0715
2049-08-06 00:00,0.4226
2049-08-16 00:00,0.9013
2049-08-26 00:00,0.0568
2049-09-05 00:00,0.4898
2049-09-15 00:00,0.8627
2049-09-25 00:00,0.0445
2049-10-05 00:00,0.5693
2049-10-15 00:00,0.8348
2049-10-25 00:00,0.0319
2049-11-04 00:00,0.6502
2049-11-14 00:00,0.8175
2049-11-24 00:00,0.0191
2049-12-04 00:00,0.7189
2049-12-14 00:00,0.8064
2049-12-24 00:00,0.0082
2050-01-03 00:00,0.7677
2050-01-13 00:00,0.7957
2050-01-23 00:00,0.0022
2050-02-02 00:00,0.7982
2050-02-12 00:00,0.7786
2050-02-22 00:00,0.004
2050-03-04 00:00,0.8176
2050-03-14 00:00,0.7468
2050-03-24 00:00,0.0144
2050-04-03 00:00,0.8335
2050-04-13 00:00,0.6929
2050-04-23 00:00,0.0316
2050-05-03 00:00,0.8513
2050-05-13 00:00,0.6153
2050-05-23 00:00,0.0519
2050-06-02 00:00,0.8742
2050-06-12 00:00,0.5235
2050-06-22 00:00,0.0719
2050-07-02 00:00,0.9032
2050-07-12 00:00,0.4349
2050-07-22 00:00,0.0903
2050-08-01 00:00,0.9364
2050-08-11 00:00,0.3637
2050-08-21 00:00,0.1083
2050-08-31 00:00,0.9683
2050-09-10 00:00,0.314
2050-09-20 00:00,0.1297
2050-09-30 00:00,0.9908
2050-10-10 00:00,0.2829
2050-10-20 00:00,0.1601
2050-10-30 00:00,0.9997
2050-11-09 00:00,0.265
2050-11-19 00:00,0.2041
2050-11-29 00:00,0.9978
2050-12-09 00:00,0.2541
2050-12-19 00:00,0.2626